weekofyear,week_start_date,precipitation_amt_mm,reanalysis_air_temp_k,reanalysis_dew_point_temp_k,reanalysis_max_air_temp_k,reanalysis_min_air_temp_k,reanalysis_precip_amt_kg_per_m2,reanalysis_relative_humidity_percent,reanalysis_tdtr_k,station_precip_mm,station_temp_c,ndvi
26,2000-07-01,25.41,23.590000000000032,22.03428571400002,34.150000000000034,19.950000000000045,43.19,92.4185714286,8.92857142857,3.0,26.53333333333333,0.22830712500000003
27,2000-07-08,60.61,23.484285714000066,22.208571429000017,33.450000000000045,17.950000000000045,46.0,93.5814285714,10.314285714299999,55.6,27.233333333333334,0.256011875
28,2000-07-15,55.52,23.26571428599999,22.472857143,31.350000000000023,19.450000000000045,64.77,95.84857142860001,7.385714285710001,38.1,26.833333333333332,0.170503575
29,2000-07-22,5.6,22.207142857000008,19.647142857000006,30.450000000000045,15.450000000000045,23.96,87.2342857143,9.114285714289998,30.0,23.988888888900004,0.206917875
30,2000-07-29,62.76,23.282857143,20.80714285700003,33.85000000000002,18.350000000000023,31.8,88.1614285714,9.5,4.0,26.333333333333332,0.31654645
31,2000-08-05,16.24,24.041428570999983,18.575714285999993,33.05000000000001,15.350000000000023,1.0,74.72857142859999,13.771428571400001,11.5,24.78,0.22081785
32,2000-08-12,89.37,24.170000000000016,20.671428571000035,35.650000000000034,18.950000000000045,26.68,83.27571428569999,11.4714285714,72.9,26.97222222223333,0.35258212499999997
33,2000-08-19,42.08,24.477142857000047,20.842857143000003,34.75,17.450000000000045,16.9,82.49,13.7,50.1,26.694444444433334,0.375225825
34,2000-08-26,49.22,25.088571429000012,19.754285714000048,36.950000000000045,18.150000000000034,5.59,74.74,13.771428571400001,89.2,26.633333333333336,0.35993569999999997
35,2000-09-02,53.65,26.06857142900003,20.32285714300002,37.35000000000002,19.75,16.07,74.1514285714,12.457142857100001,78.0,27.0388888889,0.32299285
36,2000-09-09,23.12,27.652857143000006,17.485714286000018,39.650000000000034,18.350000000000023,2.5,57.7871428571,14.9,56.9,28.622222222233333,0.292352975
37,2000-09-16,34.62,26.708571429000017,20.49000000000001,37.55000000000001,19.150000000000034,4.1,71.66,13.857142857100001,18.9,27.474999999999998,0.32761365
38,2000-09-23,97.55,24.28571428600003,19.55714285700003,37.05000000000001,15.150000000000034,3.2,77.4871428571,11.3142857143,104.2,28.011111111099996,0.322986325
39,2000-09-30,95.89,26.20571428599999,20.06714285700002,37.650000000000034,16.850000000000023,2.6,71.4628571429,14.9428571429,57.9,27.21666666666667,0.17091725750000003
40,2000-10-07,46.22,25.222857143,21.51428571400004,36.650000000000034,19.55000000000001,16.6,82.3714285714,11.9714285714,63.0,26.900000000000002,0.28675822500000003
41,2000-10-14,31.1,25.32428571400004,21.442857143000026,36.05000000000001,18.75,21.9,81.5228571429,13.485714285699999,3.0,27.552380952366665,0.202041075
42,2000-10-21,25.21,26.06142857100002,20.857142857000042,38.650000000000034,19.150000000000034,9.9,75.54,14.9285714286,45.2,28.258333333333336,0.27881785000000003
43,2000-10-28,49.25,26.391428571000006,21.55857142900004,37.05000000000001,18.75,23.3,76.94142857140001,13.457142857100001,57.9,27.53333333333333,0.3635075
44,2000-11-04,67.64,26.29000000000002,22.124285714000052,39.05000000000001,19.25,20.2,79.4285714286,13.328571428599998,7.1,28.066666666666666,0.272659175
45,2000-11-11,51.83,27.59857142900006,22.129999999999995,37.25,21.150000000000034,19.2,74.8028571429,12.871428571400001,13.5,28.291666666666668,0.250512525
46,2000-11-18,39.25,28.487142857000038,21.082857143000012,38.650000000000034,21.05000000000001,3.6,67.1857142857,13.371428571400001,0.0,29.041666666666668,0.09886559
47,2000-11-25,55.91,27.722857143,19.910000000000025,37.950000000000045,20.450000000000045,11.2,66.0428571429,13.142857142899999,,28.566666666666666,0.232795825
48,2000-12-02,20.65,26.08000000000004,21.56714285700002,36.85000000000002,20.350000000000023,14.5,78.88571428569999,12.014285714300001,19.0,27.416666666666668,0.287096425
49,2000-12-09,24.53,27.092857143000003,20.155714286000034,39.05000000000001,18.850000000000023,1.7,68.5571428571,15.457142857100001,0.8,28.0,0.19726607499999999
50,2000-12-16,111.06,25.607142857000042,21.370000000000005,38.25,18.75,48.76,80.4085714286,11.9714285714,67.2,27.1388888889,0.32591430000000005
51,2000-12-23,3.9,27.26142857100001,17.942857143000026,38.05000000000001,21.450000000000045,5.7,60.641428571400006,13.0,0.0,28.066666666666666,0.24279525
1,2001-01-01,59.11,24.80857142900004,23.840000000000032,32.35000000000002,20.05000000000001,64.6,94.9557142857,6.94285714286,38.9,27.477777777766665,0.25520715
2,2001-01-08,69.85,24.894285714000034,21.195714285999998,36.650000000000034,19.350000000000023,22.98,82.3471428571,11.0857142857,59.9,26.96666666666667,0.261770825
3,2001-01-15,149.71,25.218571429000065,21.911428570999988,35.55000000000001,20.850000000000023,24.92,84.1757142857,11.014285714300001,52.0,26.849999999999998,0.178261325
4,2001-01-22,50.02,22.57285714300002,21.444285714000046,28.650000000000034,19.150000000000034,88.03,94.05714285709999,5.62857142857,166.9,25.6388888889,0.19654167500000003
5,2001-01-29,87.18,22.147142857000006,21.26142857100001,29.05000000000001,19.05000000000001,80.95,95.40714285709998,5.1428571428600005,147.8,26.477777777766665,0.32515594999999997
6,2001-02-05,31.93,22.361428571000033,20.25857142900003,30.450000000000045,19.350000000000023,16.4,89.08,6.17142857143,3.3,27.75,0.20447500000000002
7,2001-02-12,66.84,22.220000000000027,21.288571429000058,31.25,19.150000000000034,37.96,94.8842857143,6.04285714286,83.1,26.766666666666666,0.1490149
8,2001-02-19,16.17,22.920000000000016,21.58000000000004,31.25,17.450000000000045,34.18,92.84285714290002,7.585714285710001,38.1,27.044444444433335,0.13286785
9,2001-02-26,47.14,23.888571429000024,22.617142857000033,31.950000000000045,20.55000000000001,26.96,93.3142857143,7.385714285710001,21.1,26.753333333333334,0.26291000000000003
10,2001-03-05,118.07,24.468571429000065,23.310000000000002,32.650000000000034,21.650000000000034,83.89,94.09285714290002,6.58571428571,87.1,26.833333333333332,0.22106072499999996
11,2001-03-12,74.34,23.640000000000043,22.394285714000034,36.150000000000034,19.650000000000034,195.2,94.0942857143,8.28571428571,39.9,27.083333333333332,0.19819225
12,2001-03-19,90.35,25.55142857100003,22.00714285700002,36.55000000000001,20.05000000000001,32.6,82.80142857140001,10.6142857143,70.8,27.177777777766664,0.2077655
13,2001-03-26,94.06,23.702857143000017,22.928571429000044,30.05000000000001,19.650000000000034,304.52,95.9242857143,6.2,80.0,27.083333333333332,0.135027735
14,2001-04-02,86.46,23.155714286000034,22.54571428600002,32.35000000000002,19.75,91.43,96.7371428571,6.65714285714,46.2,27.55333333333333,0.2750893
15,2001-04-09,80.82,24.02571428599998,22.980000000000018,32.35000000000002,18.950000000000045,110.1,94.6028571429,6.77142857143,120.1,26.653333333333336,0.3684714
16,2001-04-16,77.73,23.912857142999997,22.835714285999984,31.950000000000045,19.650000000000034,120.32,94.6157142857,7.5,45.3,27.080000000000002,0.31609287500000005
17,2001-04-23,78.01,24.81142857100002,22.27857142900001,34.650000000000034,20.05000000000001,78.3,88.14857142860001,10.2428571429,14.9,27.644444444433333,0.24065715000000001
18,2001-04-30,94.77,24.135714285999995,22.590000000000032,32.450000000000045,19.950000000000045,103.87,92.19285714290001,7.414285714289999,51.0,27.775000000000002,0.2521
19,2001-05-07,45.56,23.985714286000018,23.182857143000035,31.950000000000045,18.950000000000045,85.9,95.82,7.085714285710001,66.0,26.900000000000002,0.219646425
20,2001-05-14,74.08,24.147142857000006,23.840000000000032,32.450000000000045,21.55000000000001,80.3,98.34142857139999,5.6428571428600005,0.0,26.822222222216666,0.30029465
21,2001-05-21,70.81,23.77285714300001,22.677142857000035,32.450000000000045,19.850000000000023,53.1,94.71,8.54285714286,64.1,27.377777777766667,0.282755975
22,2001-05-28,90.07,23.695714285999998,22.03000000000003,31.650000000000034,18.650000000000034,20.3,91.4657142857,8.8,32.0,27.516666666666666,0.32726075
23,2001-06-04,126.46,23.541428570999983,21.310000000000002,34.450000000000045,18.350000000000023,30.63,89.4871428571,9.72857142857,17.0,26.8888888889,0.26154524999999995
24,2001-06-11,47.13,22.332857143000012,21.191428571000017,29.450000000000045,18.75,95.06,94.0171428571,7.27142857143,37.1,26.76,0.263316075
25,2001-06-18,53.93,22.850000000000023,20.49714285700003,32.05000000000001,17.850000000000023,13.45,88.1714285714,9.41428571429,9.9,26.7,0.096439285
26,2001-06-25,1.22,21.695714285999998,17.422857142999987,32.950000000000045,15.25,1.82,79.3228571429,12.3428571429,31.0,25.28333333333333,0.277364275
27,2001-07-02,52.1,22.645714285999986,19.602857142999994,31.850000000000023,18.150000000000034,23.6,84.8571428571,8.55714285714,70.1,26.566666666666666,0.23374820000000002
28,2001-07-09,39.09,22.658571429000062,20.288571429000058,34.05000000000001,17.150000000000034,16.7,88.3228571429,9.7,22.3,26.78333333333333,0.34365060000000003
29,2001-07-16,52.05,24.405714286000034,20.96571428599998,34.75,17.950000000000045,18.0,84.2457142857,11.4285714286,36.8,26.855555555566667,0.27024047500000004
30,2001-07-23,54.52,23.665714286000025,21.841428570999994,32.85000000000002,18.850000000000023,38.29,90.8142857143,10.2714285714,25.2,27.522222222233335,0.271994025
31,2001-07-30,27.97,24.141428571000006,20.30285714300004,34.950000000000045,16.650000000000034,9.71,82.2257142857,12.871428571400001,10.9,26.30666666666666,0.188736925
32,2001-08-06,0.0,25.387142857000015,18.237142857000038,35.55000000000001,17.850000000000023,0.2,66.66428571430001,14.642857142899999,,26.133333333333336,0.21662142500000003
33,2001-08-13,5.14,25.24571428600001,18.874285714000052,36.55000000000001,18.850000000000023,0.0,69.4757142857,13.3142857143,18.0,26.84166666666667,0.297010675
34,2001-08-20,9.97,25.29000000000002,20.867142857000033,35.650000000000034,18.55000000000001,30.1,78.3885714286,12.2,47.9,27.26666666666667,0.22178215
35,2001-08-27,47.58,25.601428570999985,20.575714285999993,38.05000000000001,19.850000000000023,16.9,76.9557142857,12.8,31.0,27.46666666666667,0.231460725
36,2001-09-03,44.45,25.541428570999983,21.755714286,38.05000000000001,18.55000000000001,39.8,81.9871428571,13.4428571429,35.1,27.491666666666664,0.269448225
37,2001-09-10,36.2,25.51571428599999,20.972857143,38.35000000000002,17.75,19.6,78.9571428571,13.7857142857,41.9,27.558333333333337,0.3215357
38,2001-09-17,66.4,24.81285714300003,21.447142857000017,35.85000000000002,19.75,65.54,84.0328571429,10.9285714286,69.0,27.575,0.35225
39,2001-09-24,26.48,25.55714285700003,21.145714285999986,37.25,18.55000000000001,21.9,79.3657142857,14.042857142899999,13.2,26.983333333333334,0.332114275
40,2001-10-01,63.42,26.397142857000006,21.618571429000042,37.85000000000002,18.650000000000034,32.6,78.33,14.128571428599999,14.2,28.066666666666663,0.322939275
41,2001-10-08,58.75,26.00857142900003,20.662857142999997,39.150000000000034,17.650000000000034,12.3,74.4185714286,11.3428571429,30.9,29.04166666666666,0.4480148749999999
42,2001-10-15,77.89,27.158571429000062,21.06428571400005,39.75,19.25,49.2,72.1628571429,12.885714285699999,159.0,28.1111111111,0.33371785
43,2001-10-22,77.15,25.434285714000055,23.457142857000008,37.450000000000045,20.75,114.36,90.2657142857,9.85714285714,89.1,28.022222222233335,0.18845535
44,2001-10-29,83.53,25.191428571000017,22.155714286000034,35.650000000000034,18.850000000000023,46.46,85.5728571429,11.271428571400001,76.0,28.313333333333333,0.214266675
45,2001-11-05,34.54,25.36428571400006,23.04571428600002,36.55000000000001,19.350000000000023,164.74,89.0042857143,10.1,35.1,27.741666666666664,0.3287143
46,2001-11-12,61.82,25.697142857000017,23.04857142900005,37.35000000000002,20.850000000000023,181.2,87.48142857139999,9.7,43.9,27.98,0.270475
47,2001-11-19,65.89,25.970000000000027,23.602857142999994,36.35000000000002,21.05000000000001,56.3,88.83714285709999,9.22857142857,31.0,27.358333333333334,0.36058275
48,2001-11-26,47.46,25.405714286000034,22.661428570999988,36.85000000000002,21.25,31.5,87.3771428571,8.014285714289999,12.2,28.44444444443333,0.33457202500000005
49,2001-12-03,46.86,25.604285714000014,22.831428571000004,35.35000000000002,21.450000000000045,158.5,87.24,8.87142857143,23.1,28.375,0.30031425
50,2001-12-10,138.22,25.09571428600003,24.350000000000023,32.650000000000034,20.75,72.94,96.1185714286,7.785714285710001,75.0,27.94666666666667,0.29594522500000003
51,2001-12-17,43.95,25.414285714000016,24.06142857100002,36.150000000000034,21.950000000000045,85.9,93.94714285709999,7.385714285710001,57.9,26.991666666666664,0.2109893
52,2001-12-24,100.72,25.088571429000012,24.361428571000033,33.55000000000001,21.55000000000001,109.64,96.3557142857,6.5,25.1,27.55,0.3166889
1,2002-01-01,70.16,23.98285714299999,22.910000000000025,31.350000000000023,19.350000000000023,109.8,94.5885714286,5.94285714286,45.3,28.05,0.37569644999999996
2,2002-01-08,64.79,26.862857143000042,21.76285714300002,36.650000000000034,21.650000000000034,5.5,76.6028571429,11.4,7.1,28.455555555566665,0.374275
3,2002-01-15,22.77,26.727142857000047,21.45571428599999,36.25,18.650000000000034,4.7,75.2042857143,12.128571428599999,5.0,28.933333333333334,0.21560179999999998
4,2002-01-22,121.07,25.76571428599999,21.960000000000036,35.55000000000001,20.05000000000001,19.91,81.5271428571,10.214285714299999,18.0,28.246666666666666,0.1266393
5,2002-01-29,59.4,23.708571429000017,22.987142857000038,31.05000000000001,20.950000000000045,43.12,96.2671428571,5.22857142857,120.2,26.53333333333333,
6,2002-02-05,4.68,22.76285714300002,22.081428571000004,31.05000000000001,18.850000000000023,69.96,96.6414285714,5.18571428571,70.4,27.141666666666666,0.17785419999999996
7,2002-02-12,104.37,24.697142857000017,23.394285714000034,31.55000000000001,21.350000000000023,33.3,93.4385714286,7.7,62.8,27.416666666666668,0.298621425
8,2002-02-19,37.46,24.54571428600002,22.972857143,32.35000000000002,20.75,49.43,92.05,7.72857142857,14.0,27.173333333333332,0.11808689
9,2002-02-26,80.14,23.912857142999997,23.36428571400006,31.850000000000023,21.350000000000023,201.2,97.15714285709998,5.81428571429,47.6,26.46666666666667,0.1488178725
10,2002-03-05,92.84,25.390000000000043,23.54857142900005,35.650000000000034,21.350000000000023,160.1,91.2214285714,8.97142857143,48.3,28.183333333333337,0.2843375
11,2002-03-12,41.96,25.208571429000017,23.088571429000012,36.05000000000001,20.650000000000034,46.9,89.7785714286,9.41428571429,9.1,27.683333333333337,0.249233325
12,2002-03-19,61.18,24.80142857100003,23.660000000000025,32.650000000000034,20.950000000000045,92.4,94.16571428569999,7.37142857143,76.8,26.95,0.23715832499999998
13,2002-03-26,110.42,23.25714285700002,22.958571429000017,30.450000000000045,20.75,127.9,98.4571428571,4.4,49.0,26.366666666666664,0.2286232
14,2002-04-02,94.01,24.02428571400003,23.591428570999994,30.75,21.350000000000023,122.3,97.77571428569999,6.18571428571,20.1,26.666666666666668,0.23753429999999998
15,2002-04-09,75.98,23.712857143000008,23.201428571000008,30.150000000000034,20.950000000000045,187.8,97.2442857143,5.1428571428600005,13.0,26.166666666666668,0.23387857499999998
16,2002-04-16,109.49,24.61428571400006,23.160000000000025,31.850000000000023,21.25,49.8,92.6157142857,6.72857142857,,27.366666666666664,0.21634464999999997
17,2002-04-23,45.59,24.434285714000055,23.48142857099998,32.05000000000001,20.75,96.1,95.2514285714,7.314285714289999,53.9,27.422222222233334,0.26117144999999997
18,2002-04-30,60.05,24.25857142900003,23.07285714300002,30.650000000000034,19.650000000000034,52.6,93.8457142857,7.5,1.0,27.361111111116667,0.191746425
19,2002-05-07,101.3,24.20571428599999,23.29428571400001,31.25,19.850000000000023,66.85,95.22,8.04285714286,25.4,27.599999999999998,0.19824999999999998
20,2002-05-14,46.79,23.634285714000043,23.071428571000013,30.55000000000001,20.75,93.4,97.24285714290001,5.08571428571,543.3,26.655555555566664,0.1511869
21,2002-05-21,51.25,23.900000000000034,22.874285714000052,33.05000000000001,19.55000000000001,32.3,94.80428571430001,8.5,9.1,27.433333333333334,0.20570357499999997
22,2002-05-28,41.54,24.407142857000053,23.121428571000024,32.75,19.25,58.02,93.78857142860001,7.65714285714,146.7,26.474999999999998,0.194539275
23,2002-06-04,72.76,23.117142857000033,22.085714285999984,32.150000000000034,18.350000000000023,19.12,94.3457142857,8.74285714286,28.0,27.433333333333334,0.29486785000000004
24,2002-06-11,69.62,24.107142857000042,22.957142857000008,32.650000000000034,20.25,39.48,94.1442857143,8.97142857143,1.0,27.5,0.341360725
25,2002-06-18,39.16,23.657142857000053,20.72142857099999,33.25,15.25,22.95,85.7371428571,10.714285714299999,31.0,26.011111111099996,0.20799285
26,2002-06-25,3.18,22.658571429000062,18.99714285700003,32.150000000000034,16.850000000000023,14.1,82.1671428571,10.7285714286,7.1,25.78333333333333,0.20104285
27,2002-07-02,3.27,21.485714286000018,18.644285714000034,31.950000000000045,14.25,6.2,85.5657142857,8.7,5.1,26.525000000000002,0.10593571499999999
28,2002-07-09,5.71,22.73285714299999,19.80000000000001,33.950000000000045,18.05000000000001,8.7,85.6728571429,8.78571428571,26.3,26.24444444443333,0.20381095
29,2002-07-16,63.0,23.292857142999992,20.177142857000035,33.150000000000034,17.450000000000045,8.3,84.6685714286,11.171428571400002,0.0,25.2,0.1025571525
30,2002-07-23,65.55,23.725714286000027,20.27285714300001,34.25,15.150000000000034,12.41,83.4971428571,11.9714285714,68.1,26.96666666666667,0.270264275
31,2002-07-30,89.93,24.01142857100001,21.47428571400002,35.35000000000002,19.650000000000034,23.33,87.0342857143,10.6,35.6,26.599999999999998,0.31987855
32,2002-08-06,14.34,23.645714285999986,19.52428571400003,34.85000000000002,15.950000000000045,5.44,80.47,13.457142857100001,0.0,27.150000000000002,0.30706490000000003
33,2002-08-13,9.81,25.154285714000025,18.52857142900001,35.75,17.650000000000034,1.7,69.06,14.385714285699999,7.1,27.844444444433332,0.333075
34,2002-08-20,31.71,23.03428571400002,19.30142857100003,35.450000000000045,15.650000000000034,5.61,82.1414285714,12.7571428571,70.6,27.172222222216664,0.315820425
35,2002-08-27,38.8,25.26285714300002,20.72428571400002,37.150000000000034,18.450000000000045,10.7,77.7657142857,12.8,24.1,27.8,0.286828575
36,2002-09-03,81.85,26.24571428600001,21.381428571000015,37.35000000000002,20.75,13.1,77.0828571429,11.9285714286,17.0,27.466666666666665,0.200332125
37,2002-09-10,25.36,25.865714286000014,20.06142857100002,36.85000000000002,16.850000000000023,3.2,73.1414285714,14.042857142899999,89.9,28.011111111099996,0.278971425
38,2002-09-17,11.49,27.170000000000016,19.121428571000024,38.05000000000001,18.650000000000034,0.8,64.6885714286,16.0285714286,0.8,29.0,0.3493035500000001
39,2002-09-24,38.56,26.088571429000012,21.26428571400004,39.450000000000045,18.350000000000023,41.1,79.5628571429,13.171428571400002,86.9,28.099999999999998,0.283642275
40,2002-10-01,70.98,26.504285714000048,20.664285714000016,40.05000000000001,18.650000000000034,24.1,74.25,13.7571428571,74.2,29.533333333333335,0.259973825
41,2002-10-08,70.22,25.56714285700002,22.51142857100001,37.450000000000045,20.25,34.4,85.1371428571,12.5285714286,79.8,28.15833333333333,0.3103238
42,2002-10-15,21.96,25.147142857000006,22.435714286000007,35.650000000000034,18.950000000000045,40.7,86.9985714286,10.6571428571,4.5,28.066666666666666,0.2110893
43,2002-10-22,48.94,24.181428571000026,21.81142857100002,31.350000000000023,19.350000000000023,35.4,87.71714285709999,8.5,167.8,28.583333333333332,0.2412607
44,2002-10-29,89.77,25.368571429000042,23.75,34.150000000000034,21.75,39.7,91.94428571430001,9.02857142857,34.1,28.241666666666664,0.306321425
45,2002-11-05,95.47,24.387142857000015,23.487142857000038,33.35000000000002,20.75,124.2,95.2857142857,6.514285714290001,63.9,28.23333333333333,0.3090768
46,2002-11-12,91.36,24.01571428599999,23.172857142999987,33.450000000000045,20.75,91.33,96.04714285709998,5.47142857143,212.6,27.53333333333333,0.202633325
47,2002-11-19,61.69,24.225714286000027,23.631428571000015,32.75,21.25,85.8,96.84,7.4,77.0,27.516666666666666,0.26091190000000003
48,2002-11-26,60.15,25.200000000000045,23.922857142999987,36.35000000000002,18.850000000000023,56.92,93.3957142857,10.3857142857,17.2,28.03333333333333,0.2858036
49,2002-12-03,49.69,25.174285714000064,23.335714285999984,33.650000000000034,21.150000000000034,49.2,90.66285714290001,8.0,46.0,28.366666666666664,0.311721425
50,2002-12-10,35.02,24.734285714000066,23.24000000000001,34.25,21.05000000000001,30.89,92.61428571430001,7.92857142857,57.2,28.183333333333334,0.22105
51,2002-12-17,25.73,24.668571429000053,23.477142857000047,32.85000000000002,21.650000000000034,24.3,93.8457142857,6.8571428571399995,24.0,28.426666666666666,0.22947145
52,2002-12-24,151.73,24.722857143,23.480000000000018,32.55000000000001,20.650000000000034,54.7,93.40857142860001,8.0,137.9,27.891666666666666,0.15430357500000003
1,2003-01-01,46.91,26.225714286000027,22.72142857099999,35.450000000000045,19.950000000000045,28.3,84.06,12.1,92.9,28.416666666666668,0.31786072499999996
2,2003-01-08,11.77,24.53428571400002,22.79428571400001,35.450000000000045,18.350000000000023,33.6,91.56,8.42857142857,35.1,28.677777777766664,0.443867875
3,2003-01-15,60.46,23.77000000000004,22.75142857100002,32.05000000000001,20.25,27.9,94.3742857143,7.74285714286,164.4,27.933333333333334,0.266323825
4,2003-01-22,84.05,24.975714286000027,21.851428570999985,34.55000000000001,18.450000000000045,8.8,84.46,10.2714285714,67.1,28.53333333333333,0.245414275
5,2003-01-29,35.05,26.337142857000003,20.862857143000042,36.85000000000002,19.350000000000023,6.26,74.8842857143,11.771428571400001,7.9,28.833333333333332,0.17037144999999998
6,2003-02-05,56.36,24.06857142900003,23.06857142900003,31.75,18.850000000000023,170.6,94.55285714290001,7.45714285714,41.9,27.599999999999998,0.14284821749999999
7,2003-02-12,70.63,23.435714286000007,22.370000000000005,29.75,20.05000000000001,38.7,94.3542857143,6.02857142857,55.9,27.45,0.27017857500000003
8,2003-02-19,25.03,25.417142857000044,23.242857143000037,35.450000000000045,19.350000000000023,41.1,89.97428571430001,10.885714285699999,121.9,27.924999999999997,0.1247857
9,2003-02-26,132.2,26.200000000000045,23.260000000000048,35.450000000000045,21.25,53.6,86.0128571429,9.114285714289998,0.0,29.100000000000005,0.24266664999999998
10,2003-03-05,63.71,24.35857142900005,22.792857142999992,33.450000000000045,21.150000000000034,134.46,92.4685714286,7.9,5.0,27.916666666666668,0.181921425
11,2003-03-12,47.97,23.53000000000003,22.791428570999983,32.75,19.25,186.8,96.1714285714,6.24285714286,98.4,26.933333333333337,0.17821430000000002
12,2003-03-19,109.04,24.742857143000037,23.48285714299999,35.75,20.25,362.03,93.62857142860001,8.34285714286,61.9,27.933333333333334,0.22676069999999998
13,2003-03-26,93.61,25.494285714000057,23.668571429000053,34.950000000000045,21.150000000000034,44.5,91.5942857143,9.47142857143,75.9,31.599999999999998,0.187439275
14,2003-04-02,89.38,24.927142857000035,23.492857143000037,34.35000000000002,19.75,44.72,93.0142857143,9.34285714286,75.0,28.353333333333335,0.251539275
15,2003-04-09,78.59,24.932857143000035,24.208571429000017,32.75,20.75,86.23,96.27,7.02857142857,79.0,28.524999999999995,0.1978393
16,2003-04-16,51.14,23.59714285700005,22.840000000000032,30.850000000000023,20.05000000000001,43.85,95.99285714290001,4.75714285714,49.0,28.106666666666666,0.23676787500000002
17,2003-04-23,77.34,24.842857143000003,23.351428570999985,33.150000000000034,20.25,56.6,92.54714285709998,8.385714285710002,82.9,27.966666666666665,0.288735725
18,2003-04-30,65.43,23.541428570999983,23.010000000000048,31.350000000000023,20.850000000000023,247.6,97.27714285709999,5.08571428571,105.9,27.599999999999998,0.35260715
19,2003-05-07,138.05,23.30428571400006,22.55428571400006,32.05000000000001,19.75,59.5,96.14,7.15714285714,69.0,28.45,0.170173825
20,2003-05-14,84.16,21.77285714300001,21.417142857000044,28.350000000000023,16.950000000000045,95.3,98.13285714290001,4.77142857143,246.2,27.166666666666668,0.24011785
21,2003-05-21,23.7,22.728571429000056,21.885714285999995,30.950000000000045,18.450000000000045,34.56,95.8542857143,6.75714285714,145.8,27.422222222233334,0.17781249999999998
22,2003-05-28,166.52,24.498571429000037,22.930000000000007,32.950000000000045,20.150000000000034,113.8,92.46142857139999,9.31428571429,187.9,28.366666666666664,0.23700715
23,2003-06-04,70.25,23.441428571000017,22.977142857000047,30.75,21.05000000000001,40.7,97.61714285709999,5.514285714290001,72.1,27.666666666666668,0.18949642500000002
24,2003-06-11,98.72,23.687142857000026,22.967142857000056,30.25,19.650000000000034,61.8,96.22285714290001,7.07142857143,107.0,27.5,0.30358510000000005
25,2003-06-18,47.15,22.85857142900005,20.82857142900002,31.75,17.850000000000023,5.56,90.04857142860001,8.91428571429,40.4,27.608333333333334,0.30656785
26,2003-06-25,88.88,22.237142857000038,21.392857143000015,30.55000000000001,18.650000000000034,38.1,95.5757142857,6.54285714286,93.5,27.183333333333337,0.1967738
27,2003-07-02,61.09,21.978571429000056,20.887142857000015,32.35000000000002,18.55000000000001,42.5,94.1271428571,6.5,79.3,27.122222222233333,0.250442875
28,2003-07-09,53.58,23.792857142999992,21.004285714000048,34.150000000000034,18.25,13.55,86.6557142857,10.1,1.5,26.99166666666667,0.16461784999999998
29,2003-07-16,65.2,23.640000000000043,20.492857143000037,33.450000000000045,14.150000000000034,27.06,85.6114285714,12.0,23.8,26.155555555566668,0.188244625
30,2003-07-23,2.64,23.335714285999984,18.700000000000045,32.25,16.05000000000001,6.39,77.80428571430001,11.4285714286,9.9,25.522222222233335,0.25359285
31,2003-07-30,24.64,23.672857142999987,20.03428571400002,33.75,18.05000000000001,12.0,82.27,10.314285714299999,69.1,26.974999999999998,0.18928572500000002
32,2003-08-06,89.28,24.50857142900003,19.895714285999986,35.05000000000001,17.650000000000034,6.5,77.8614285714,12.642857142899999,117.0,27.783333333333335,0.21718214999999996
33,2003-08-13,52.47,24.188571429000035,20.968571429000065,33.85000000000002,18.150000000000034,21.0,83.9271428571,10.6571428571,79.0,27.833333333333332,0.228942875
34,2003-08-20,45.38,24.21571428599998,20.361428571000033,34.950000000000045,18.850000000000023,35.1,81.9428571429,10.0571428571,18.3,27.25,0.382467275
35,2003-08-27,29.51,24.725714286000027,21.782857143,33.450000000000045,18.05000000000001,18.03,85.7257142857,10.885714285699999,95.7,27.933333333333334,0.24445357499999998
36,2003-09-03,8.84,24.23142857099998,17.82000000000005,36.35000000000002,15.950000000000045,33.5,70.9285714286,12.771428571400001,0.8,26.349999999999998,0.276046425
37,2003-09-10,36.42,25.681428571000026,20.777142857000058,37.05000000000001,18.850000000000023,6.0,76.5328571429,12.671428571400002,53.1,27.7111111111,0.2228857
38,2003-09-17,55.73,23.79857142900005,20.53428571400002,37.450000000000045,15.050000000000011,115.2,85.03,10.7571428571,92.3,26.63333333333333,0.3317714
39,2003-09-24,100.55,24.994285714000057,22.587142857000003,34.75,19.850000000000023,53.36,88.11714285709999,9.47142857143,27.2,28.177777777766668,0.368854175
40,2003-10-01,74.6,26.207142857000008,22.678571429000044,37.450000000000045,19.75,253.3,83.6828571429,11.6,34.5,28.625,0.237953575
41,2003-10-08,38.3,24.76571428599999,23.162857142999997,35.85000000000002,19.350000000000023,42.5,92.16571428569999,11.2,138.2,28.400000000000002,0.2082744
42,2003-10-15,44.16,25.01285714300002,23.05142857100003,32.450000000000045,20.650000000000034,34.6,90.34285714290002,8.52857142857,36.0,28.53333333333333,0.26674644999999997
43,2003-10-22,39.52,25.80714285700003,23.07428571400004,38.05000000000001,21.450000000000045,41.2,87.37,9.95714285714,32.1,27.724999999999998,0.427975025
44,2003-10-29,32.47,26.891428571000006,22.145714285999986,36.950000000000045,19.150000000000034,6.1,77.7842857143,12.0857142857,56.4,29.011111111099996,0.12565355
45,2003-11-05,105.14,24.985714286000018,22.590000000000032,37.650000000000034,19.150000000000034,85.3,88.48,9.42857142857,139.7,27.833333333333332,0.38296785
46,2003-11-12,31.08,25.217142857000056,22.49571428600001,35.25,17.75,36.4,86.7557142857,10.6285714286,79.0,28.266666666666666,0.304139275
47,2003-11-19,123.63,25.531428570999992,23.575714285999993,33.85000000000002,21.650000000000034,40.8,90.88285714290001,9.04285714286,284.4,28.766666666666666,0.27330595
48,2003-11-26,81.27,26.07285714300002,23.379999999999995,35.35000000000002,21.150000000000034,51.4,86.9957142857,9.07142857143,26.2,28.333333333333332,0.28122142499999997
49,2003-12-03,72.23,25.165714286000025,22.985714286000018,36.25,20.350000000000023,77.83,89.2071428571,9.7,138.0,28.622222222233333,0.354203575
50,2003-12-10,108.62,25.53571428600003,24.188571429000035,33.25,21.650000000000034,178.89,93.23142857139999,8.27142857143,47.4,28.366666666666664,0.32841964999999995
51,2003-12-17,64.95,25.01857142900002,23.701428571000008,35.35000000000002,20.950000000000045,65.04,93.91714285709999,8.34285714286,66.8,28.399999999999995,0.172373825
52,2003-12-24,49.42,23.147142857000006,22.532857143,29.450000000000045,21.150000000000034,82.68,96.93714285709999,4.18571428571,185.7,27.566666666666666,0.26203889999999996
1,2004-01-01,,,,,,,,,,27.788888888883335,0.208513075
2,2004-01-08,78.53,24.28714285700005,23.487142857000038,30.850000000000023,21.75,55.3,95.7942857143,6.2,137.2,28.011111111099996,0.256478225
3,2004-01-15,63.47,24.602857142999994,23.870000000000005,33.05000000000001,21.350000000000023,62.5,96.12857142860001,6.82857142857,68.1,28.633333333333336,0.318315
4,2004-01-22,29.23,26.470000000000027,22.74000000000001,35.150000000000034,20.450000000000045,19.4,82.4671428571,11.228571428599999,20.1,28.377777777766667,0.31445714999999996
5,2004-01-29,4.65,27.75,19.682857143000035,36.55000000000001,20.05000000000001,1.6,65.2842857143,13.642857142899999,0.0,28.941666666666666,0.21755715
6,2004-02-05,13.2,26.75285714300003,20.838571429000012,36.650000000000034,20.05000000000001,9.0,72.9271428571,14.0857142857,24.1,28.73333333333333,0.11322499999999999
7,2004-02-12,24.83,25.120000000000005,22.49000000000001,34.05000000000001,21.650000000000034,33.46,86.7657142857,8.5,13.4,28.00833333333333,0.298760725
8,2004-02-19,39.06,24.931428571000026,22.492857143000037,36.950000000000045,19.450000000000045,34.5,87.7185714286,9.72857142857,8.6,28.03333333333333,0.20580359999999998
9,2004-02-26,125.04,24.73285714299999,23.198571429000026,34.85000000000002,21.150000000000034,83.27,93.0128571429,7.814285714289999,18.9,27.488888888900004,0.29298690000000005
10,2004-03-04,52.08,24.831428571000004,23.30571428600001,34.950000000000045,20.05000000000001,49.36,92.5614285714,9.08571428571,79.0,28.400000000000002,0.19579997500000001
11,2004-03-11,80.33,23.627142857000024,22.918571429000053,31.25,20.350000000000023,76.75,96.28857142860001,5.24285714286,24.1,28.0,0.292848225
12,2004-03-18,137.83,24.737142857000038,23.47142857099999,32.35000000000002,19.75,75.16,93.62857142860001,9.78571428571,187.2,28.099999999999998,0.37717797499999994
13,2004-03-25,120.1,24.162857142999997,23.457142857000008,30.350000000000023,20.850000000000023,76.2,96.23857142860001,5.71428571429,142.6,28.75,0.20625832500000002
14,2004-04-01,101.22,24.05285714300004,23.665714286000025,30.75,20.650000000000034,88.9,97.9414285714,5.21428571429,2.0,28.22222222223333,0.14741665
15,2004-04-08,47.26,24.662857142999997,24.02571428599998,32.450000000000045,21.05000000000001,135.4,96.4985714286,6.27142857143,4.0,27.683333333333334,0.333621425
16,2004-04-15,61.8,25.06714285700002,23.487142857000038,35.25,19.75,54.89,92.32,8.985714285710001,36.9,27.77777777776667,0.200735725
17,2004-04-22,113.62,24.629999999999995,23.621428571000024,30.850000000000023,20.75,90.3,94.78857142860001,6.0,39.6,28.333333333333332,0.298515475
18,2004-04-29,65.82,23.977142857000047,23.55857142900004,30.350000000000023,20.450000000000045,133.17,97.8085714286,5.02857142857,148.5,27.677777777766664,0.24010464999999998
19,2004-05-06,83.93,24.648571429000015,23.685714286000007,32.75,19.950000000000045,56.52,95.1157142857,8.71428571429,97.0,27.511111111099996,0.1480143
20,2004-05-13,34.81,23.26428571400004,22.120000000000005,30.25,19.450000000000045,45.5,93.8971428571,5.77142857143,91.8,26.599999999999998,0.165158325
21,2004-05-20,173.45,24.452857143000017,22.670000000000016,35.05000000000001,18.850000000000023,83.0,91.6271428571,9.1,296.9,27.78333333333333,0.21328334999999998
22,2004-05-27,35.43,24.155714286000034,22.80857142900004,33.25,18.55000000000001,42.6,93.5757142857,9.62857142857,28.2,26.958333333333332,0.14091429
23,2004-06-03,88.62,23.617142857000033,22.54714285700004,30.950000000000045,19.650000000000034,36.63,94.69285714290001,8.18571428571,203.0,26.7,0.13294167499999998
24,2004-06-10,85.28,22.424285714000064,21.840000000000032,26.850000000000023,19.850000000000023,51.89,96.8757142857,5.04285714286,87.9,26.566666666666663,0.212963675
25,2004-06-17,94.52,23.05428571400006,21.55571428600001,32.85000000000002,18.950000000000045,24.5,92.37142857139999,7.785714285710001,43.2,26.899999999999995,0.270878575
26,2004-06-24,32.95,22.484285714000066,20.710000000000036,31.05000000000001,16.650000000000034,25.9,90.44714285709999,8.4,98.5,25.258333333333336,0.180661925
27,2004-07-01,46.39,23.00142857100002,21.891428571000006,31.25,18.650000000000034,50.7,94.6685714286,8.45714285714,170.1,25.96666666666667,0.244175
28,2004-07-08,83.94,23.467142857000056,21.664285714000016,31.950000000000045,18.650000000000034,18.67,90.9057142857,9.485714285710001,43.2,26.78333333333333,0.308464275
29,2004-07-15,48.09,24.351428570999985,21.208571429000017,33.75,18.25,24.76,85.1585714286,11.2142857143,31.0,26.8,0.22340954999999998
30,2004-07-22,53.78,23.662857142999997,21.84714285700005,31.25,18.650000000000034,25.42,90.92857142860001,10.2,103.1,26.76666666666667,0.26753214999999997
31,2004-07-29,85.96,22.867142857000033,21.321428571000013,32.950000000000045,18.55000000000001,27.62,92.52714285709999,8.84285714286,6.0,26.24444444444444,0.209739275
32,2004-08-05,29.82,24.367142857000033,19.994285714000057,34.25,17.850000000000023,3.9,79.7185714286,12.1571428571,55.1,26.288888888888888,0.24273569999999997
33,2004-08-12,18.44,23.379999999999995,19.07285714300002,34.05000000000001,14.950000000000045,4.1,79.2357142857,12.1857142857,0.5,26.0,0.22057500000000002
34,2004-08-19,23.78,24.670000000000016,20.271428571,35.150000000000034,17.05000000000001,7.9,78.4814285714,14.2857142857,0.5,26.86111111111111,0.3467643
35,2004-08-26,42.86,24.992857143000037,21.417142857000044,36.950000000000045,17.950000000000045,23.2,83.1728571429,12.5285714286,0.0,26.722222222222218,0.27625715
36,2004-09-02,147.32,24.621428571000024,21.838571429000012,34.650000000000034,18.55000000000001,41.89,86.54,11.128571428599999,195.1,26.666666666666668,0.333246425
37,2004-09-09,46.58,25.30714285700003,22.96571428599998,35.05000000000001,21.55000000000001,35.7,88.74285714290001,10.285714285700001,23.2,28.23333333333333,0.127461675
38,2004-09-16,36.64,24.571428571000013,22.730000000000018,35.75,20.150000000000034,59.5,91.2,8.92857142857,87.3,26.855555555566667,0.257698225
39,2004-09-23,48.68,25.478571429000056,21.23285714299999,36.650000000000034,19.25,6.9,79.5571428571,13.2,20.1,27.166666666666668,0.30109405
40,2004-09-30,85.69,26.02000000000004,22.96571428599998,37.450000000000045,20.650000000000034,70.02,84.8071428571,11.6571428571,40.1,28.650000000000002,0.271099975
41,2004-10-07,52.27,24.418571429000053,22.164285714000016,32.35000000000002,19.55000000000001,39.9,88.8257142857,8.82857142857,27.9,26.858333333333334,0.25279645
42,2004-10-14,65.25,24.907142857000053,23.717142857000056,34.05000000000001,20.150000000000034,51.6,94.16,8.35714285714,120.6,28.149999999999995,0.3420643
43,2004-10-21,35.61,26.27857142900001,23.145714285999986,36.450000000000045,19.650000000000034,23.1,85.0657142857,13.1571428571,13.0,28.566666666666663,0.2451881
44,2004-10-28,74.01,25.291428570999983,22.75714285700002,39.150000000000034,19.05000000000001,48.5,87.87,12.3142857143,89.9,28.166666666666668,0.27668215
45,2004-11-04,91.63,26.354285714000014,23.02857142900001,36.05000000000001,21.150000000000034,67.0,84.8271428571,10.6571428571,101.4,28.349999999999998,0.344464275
46,2004-11-11,74.68,24.01857142900002,23.334285714000032,31.05000000000001,19.25,53.9,96.3542857143,5.92857142857,184.2,27.76666666666667,0.326789275
47,2004-11-18,74.08,26.26857142900002,22.947142857000017,36.150000000000034,20.450000000000045,26.8,84.6114285714,11.642857142899999,107.4,28.849999999999998,0.20571070000000002
48,2004-11-25,71.98,24.80857142900004,23.870000000000005,32.950000000000045,20.450000000000045,56.8,95.2514285714,7.914285714289999,77.0,28.633333333333336,0.20108990000000002
49,2004-12-02,53.01,26.027142857000058,23.29000000000002,36.35000000000002,20.150000000000034,36.83,87.13,10.957142857100001,64.0,28.133333333333336,0.19035955
50,2004-12-09,70.04,24.637142857000015,23.424285714000064,32.650000000000034,21.350000000000023,91.0,93.9385714286,6.5,9.9,28.229166666666668,0.311167875
51,2004-12-16,49.56,25.55142857100003,23.235714286000018,35.35000000000002,20.650000000000034,38.0,88.78,10.214285714299999,128.3,28.325,0.2361393
52,2004-12-23,109.83,25.254285714000048,23.972857143,33.150000000000034,21.650000000000034,29.79,93.25285714290001,8.22857142857,100.8,27.899999999999995,0.35269375
53,2005-01-01,,,,,,,,,,28.066666666666666,
1,2005-01-08,70.6,25.01285714300002,23.56285714300003,34.75,20.350000000000023,61.61,93.0057142857,9.75714285714,74.9,28.233333333333334,0.268792875
2,2005-01-15,93.73,24.51285714300002,23.577142857000013,34.450000000000045,18.450000000000045,96.21,95.53,7.22857142857,232.1,28.366666666666664,0.323475
3,2005-01-22,60.52,26.918571429000053,23.430000000000007,35.55000000000001,21.850000000000023,26.7,83.3,11.357142857100001,194.0,28.955555555566665,0.321676175
4,2005-01-29,25.67,26.498571429000037,23.781428570999992,34.950000000000045,21.75,42.24,87.31285714290001,9.985714285710001,0.0,28.6888888889,0.30388095
5,2005-02-05,88.96,25.911428570999988,23.75714285700002,35.25,22.150000000000034,47.3,89.4271428571,9.34285714286,3.8,28.708333333333332,0.150973225
6,2005-02-12,52.61,23.602857142999994,22.84571428600003,31.25,21.05000000000001,56.8,95.97714285709999,5.18571428571,70.4,27.22222222223333,0.219664275
7,2005-02-19,125.35,24.877142857000024,24.071428571000013,31.450000000000045,21.350000000000023,189.06,95.7485714286,6.985714285710001,350.9,27.366666666666664,0.20038570000000003
8,2005-02-26,46.98,25.145714285999986,23.392857143000015,33.35000000000002,21.25,39.6,91.57714285709999,7.8571428571399995,84.1,28.75,0.2253393
9,2005-03-05,54.22,25.00857142900003,23.895714285999986,32.75,21.25,44.51,94.40142857139999,8.014285714289999,19.0,28.455555555566665,0.26780835000000003
10,2005-03-12,155.54,24.80714285700003,24.378571429000033,31.75,22.450000000000045,201.4,97.68714285709999,4.82857142857,8.6,28.333333333333332,0.17030655
11,2005-03-19,162.51,24.164285714000016,22.700000000000045,31.350000000000023,18.75,21.7,92.2671428571,7.814285714289999,146.1,28.333333333333332,0.199442275
12,2005-03-26,99.37,25.220000000000027,23.101428570999985,33.450000000000045,21.55000000000001,32.8,89.82,9.34285714286,108.8,27.873333333333335,0.19603215000000002
13,2005-04-02,55.12,24.220000000000027,22.938571429000035,35.450000000000045,19.850000000000023,67.5,93.8014285714,7.62857142857,73.9,27.78333333333333,0.37510712500000004
14,2005-04-09,87.41,24.55857142900004,23.085714285999984,33.35000000000002,19.25,68.0,92.41714285709999,8.45714285714,71.1,27.833333333333332,0.267807125
15,2005-04-16,40.03,24.55142857100003,24.05285714300004,30.850000000000023,21.850000000000023,90.2,97.3228571429,6.41428571429,3.6,27.683333333333334,0.17746547499999998
16,2005-04-23,37.6,24.28714285700005,23.81142857100002,33.25,20.850000000000023,178.2,97.3814285714,5.3571428571399995,105.6,28.516666666666666,0.21178335
17,2005-04-30,78.8,24.777142857000058,24.25285714300003,30.75,20.950000000000045,54.9,97.16285714290001,6.6428571428600005,14.5,28.7,0.20227260000000002
18,2005-05-07,33.29,24.180000000000007,23.425714286000016,31.650000000000034,20.150000000000034,64.1,95.93714285709999,6.1,13.0,26.766666666666666,0.15087199999999998
19,2005-05-14,49.07,25.53428571400002,23.191428571000017,33.55000000000001,20.450000000000045,54.89,88.2942857143,9.27142857143,28.0,27.833333333333332,0.219416675
20,2005-05-21,56.22,24.382857143000024,23.202857143000017,31.75,20.450000000000045,49.1,93.9185714286,7.54285714286,95.9,28.150000000000002,0.22101069999999998
21,2005-05-28,43.14,25.855714286000023,22.654285714000025,34.950000000000045,20.850000000000023,21.1,84.6585714286,10.9428571429,37.9,27.8,0.29961784999999996
22,2005-06-04,61.75,25.28428571400002,22.52857142900001,34.150000000000034,19.55000000000001,34.92,86.70142857139999,10.0142857143,78.9,27.349999999999998,0.368021425
23,2005-06-11,40.44,24.154285714000025,23.077142857000013,30.75,20.55000000000001,51.0,94.59285714290002,7.17142857143,19.5,27.166666666666668,0.1351268
24,2005-06-18,104.83,24.227142857000047,22.170000000000016,31.650000000000034,20.25,29.01,89.19428571430001,8.52857142857,73.7,27.655555555566664,0.251142875
25,2005-06-25,50.88,24.707142857000008,21.494285714000057,34.55000000000001,18.75,11.0,84.4671428571,10.4857142857,89.2,27.516666666666666,0.287485675
26,2005-07-02,23.6,23.670000000000016,21.25857142900003,34.25,19.25,26.6,88.38714285709999,10.7285714286,92.0,27.1111111111,0.24105357500000002
27,2005-07-09,43.24,24.71571428599998,21.378571429000033,35.150000000000034,17.25,23.91,84.6928571429,11.1,40.9,27.96666666666667,0.19638335
28,2005-07-16,109.71,23.838571429000012,19.08000000000004,35.05000000000001,15.150000000000034,8.7,77.3728571429,11.8142857143,167.1,26.53333333333333,0.37329287499999997
29,2005-07-23,27.33,24.644285714000034,19.30571428600001,34.55000000000001,14.350000000000023,8.9,75.6971428571,13.514285714300001,0.0,26.183333333333334,0.15904285
30,2005-07-30,42.32,23.748571429000037,20.600000000000023,33.150000000000034,16.950000000000045,15.3,84.2385714286,10.0857142857,71.1,24.066666666666663,0.310864275
31,2005-08-06,0.0,25.071428571000013,19.885714285999995,35.05000000000001,19.450000000000045,8.64,75.5714285714,11.485714285699999,0.0,25.916666666666668,0.28554285
32,2005-08-13,38.17,25.77571428599998,20.49000000000001,36.55000000000001,20.350000000000023,1.99,74.8557142857,12.1857142857,36.6,26.875,0.25780715
33,2005-08-20,17.85,26.45571428599999,18.628571429000033,37.35000000000002,17.55000000000001,6.0,64.6585714286,14.2,69.6,25.879166666666666,0.29735
34,2005-08-27,69.62,25.27857142900001,21.79571428600002,35.85000000000002,19.75,15.82,83.8542857143,10.8142857143,127.0,27.683333333333334,0.293289275
35,2005-09-03,12.81,25.03428571400002,20.76857142900002,35.450000000000045,19.25,11.0,79.6471428571,10.9428571429,37.0,27.8,0.38899582499999996
36,2005-09-10,36.98,26.908571429000062,20.855714286000023,36.150000000000034,20.25,4.2,71.9714285714,13.7142857143,44.0,27.71851851852222,0.29204287500000004
37,2005-09-17,18.66,25.730000000000018,22.50857142900003,34.150000000000034,19.75,35.3,83.73,9.92857142857,1.3,26.687037037044444,0.230235725
38,2005-09-24,2.56,25.34857142900006,20.405714286000034,35.950000000000045,19.25,13.7,76.5957142857,11.7857142857,38.1,25.655555555566668,0.1866732
39,2005-10-01,29.8,28.02571428599998,20.602857142999994,40.85000000000002,21.650000000000034,4.2,67.2128571429,14.828571428599998,,28.816666666666666,0.40646845
40,2005-10-08,54.7,25.960000000000036,20.74714285700003,39.55000000000001,18.950000000000045,4.6,74.9528571429,12.357142857100001,80.8,28.7,0.31454525
41,2005-10-15,60.0,26.365714286000014,21.235714286000018,40.05000000000001,20.05000000000001,22.2,75.50857142859999,11.6857142857,233.2,29.266666666666666,0.34435297499999995
42,2005-10-22,73.97,26.428571429000044,22.618571429000042,37.35000000000002,18.75,35.08,81.69142857140001,12.2428571429,64.0,29.099999999999998,0.306814275
43,2005-10-29,100.06,24.915714286000025,22.652857143000006,34.25,20.850000000000023,59.7,89.14285714290001,8.64285714286,235.2,27.966666666666665,0.31989287499999997
44,2005-11-05,59.15,26.30857142900004,23.655714286000034,35.450000000000045,21.75,49.85,87.23142857139999,10.7857142857,102.1,28.111111111099998,0.18793925
45,2005-11-12,75.36,25.450000000000045,23.210000000000036,36.25,19.75,143.8,89.31,9.7,8.9,28.27222222221667,0.376196425
46,2005-11-19,49.87,25.160000000000025,23.74571428600001,34.05000000000001,21.850000000000023,45.0,93.1771428571,8.55714285714,139.5,27.866666666666664,0.401703575
47,2005-11-26,72.34,26.26285714300002,24.244285714000057,35.950000000000045,22.05000000000001,63.53,90.34857142860001,8.91428571429,5.1,28.433333333333334,0.25786785
48,2005-12-03,78.52,26.27000000000004,23.462857143000008,34.450000000000045,20.950000000000045,34.95,86.40857142860001,9.72857142857,77.9,28.0888888889,0.34364645
49,2005-12-10,60.5,26.06714285700002,23.50714285700002,35.25,22.25,71.8,87.7214285714,9.1,54.1,28.133333333333336,0.283814275
50,2005-12-17,46.91,25.424285714000064,24.03714285700005,33.85000000000002,22.25,46.9,92.9571428571,8.2,6.0,28.133333333333336,0.2081393
51,2005-12-24,151.0,24.871428571000024,24.041428570999983,31.25,22.350000000000023,113.36,95.6742857143,6.485714285709999,81.1,28.26666666666667,0.17889075000000002
52,2006-01-01,114.58,25.031428570999992,23.78571428600003,33.35000000000002,21.75,210.5,93.82142857139999,7.385714285710001,273.5,27.51666666666667,0.28835
1,2006-01-08,38.78,25.682857143000035,19.728571429000056,34.650000000000034,19.25,15.2,73.16142857140001,12.3142857143,70.1,27.271666666666665,0.220503575
2,2006-01-15,138.46,25.57857142900002,23.22142857099999,34.55000000000001,20.350000000000023,47.6,88.33571428569999,9.885714285710002,60.1,27.893333333333334,0.21389284999999997
3,2006-01-22,88.85,25.310000000000002,23.171428571000035,34.150000000000034,21.850000000000023,52.2,89.9557142857,9.14285714286,54.8,27.613333333333333,0.15353215
4,2006-01-29,49.32,24.038571429000058,22.627142857000024,31.650000000000034,21.25,52.2,93.11428571430001,6.21428571429,250.9,27.7,0.1495125
5,2006-02-05,34.17,24.01571428599999,23.49714285700003,29.55000000000001,21.150000000000034,63.98,97.32,5.52857142857,118.9,27.616666666666664,0.350496425
6,2006-02-12,71.87,24.49000000000001,23.658571429000062,31.05000000000001,20.850000000000023,67.0,95.82714285709999,5.78571428571,101.1,28.066666666666666,0.2122518
7,2006-02-19,44.35,23.914285714000016,22.214285714000027,32.05000000000001,19.650000000000034,33.0,91.09857142860001,7.285714285710001,0.0,28.866666666666664,0.290639275
8,2006-02-26,23.44,25.788571429000058,22.81142857100002,35.150000000000034,19.75,72.2,86.0314285714,10.7857142857,0.3,27.946666666666662,0.186764275
9,2006-03-05,79.13,25.102857142999994,23.61428571400006,33.75,21.950000000000045,50.38,92.6057142857,8.02857142857,26.9,27.4111111111,0.1610375
10,2006-03-12,94.99,24.77571428599998,24.05714285700003,30.850000000000023,21.55000000000001,130.6,96.36,6.41428571429,93.0,27.73333333333333,0.38124285
11,2006-03-19,121.69,24.781428570999992,23.431428571000026,32.150000000000034,21.350000000000023,58.83,93.3471428571,7.014285714289999,16.0,28.025000000000002,0.1684107
12,2006-03-26,120.62,24.344285714000023,23.145714285999986,32.150000000000034,19.350000000000023,70.0,93.7871428571,7.34285714286,97.0,27.566666666666663,0.24725524999999998
13,2006-04-02,121.46,24.890000000000043,23.917142857000044,31.75,21.650000000000034,88.81,95.0242857143,6.95714285714,53.9,28.0,0.209775
14,2006-04-09,41.68,24.624285714000052,22.897142857000006,35.150000000000034,20.650000000000034,87.9,91.8114285714,9.57142857143,178.1,28.07777777776667,0.2216
15,2006-04-16,75.33,24.675714286000016,23.815714286000002,32.35000000000002,19.75,66.46,95.51,7.42857142857,49.0,27.866666666666664,0.271046425
16,2006-04-23,69.6,24.911428570999988,23.30714285700003,33.25,20.75,54.86,92.1114285714,7.44285714286,11.9,27.566666666666663,0.30021785
17,2006-04-30,74.93,23.700000000000045,21.901428570999997,32.150000000000034,18.55000000000001,39.6,90.86428571430001,7.75714285714,34.0,26.666666666666668,0.193226775
18,2006-05-07,65.07,24.480000000000018,23.234285714000066,33.150000000000034,20.450000000000045,38.84,93.63571428569999,8.41428571429,115.0,27.883333333333336,0.131560725
19,2006-05-14,127.24,23.03428571400002,22.30285714300004,31.150000000000034,18.650000000000034,70.0,96.09857142860001,6.62857142857,270.9,26.099999999999998,0.25694639999999996
20,2006-05-21,1.52,22.904285714000025,16.938571429000035,32.450000000000045,14.050000000000011,0.1,72.0342857143,12.371428571400001,2.0,25.433333333333334,0.34449284999999996
21,2006-05-28,91.4,24.842857143000003,20.627142857000024,34.55000000000001,15.650000000000034,12.47,80.38571428569999,10.885714285699999,83.0,27.72222222223333,0.16574999999999998
22,2006-06-04,79.48,22.837142857000003,21.407142857000053,30.950000000000045,18.150000000000034,44.65,92.5057142857,6.885714285710001,150.2,25.599999999999998,0.1208756075
23,2006-06-11,130.66,23.894285714000034,22.54571428600002,34.05000000000001,19.150000000000034,37.6,93.4757142857,8.9,105.2,26.900000000000002,0.2853143
24,2006-06-18,84.99,24.277142857000058,21.600000000000023,34.05000000000001,17.150000000000034,21.5,87.2142857143,10.0714285714,79.5,27.96666666666667,0.165810725
25,2006-06-25,71.69,23.57428571400004,21.125714286000004,33.150000000000034,16.350000000000023,27.29,88.4714285714,10.7857142857,74.9,26.5,0.259404175
26,2006-07-02,17.21,23.701428571000008,20.367142857000033,34.05000000000001,16.05000000000001,9.16,83.4671428571,10.7428571429,21.9,26.799999999999997,0.2891119
27,2006-07-09,20.72,23.29857142900005,21.442857143000026,31.650000000000034,19.450000000000045,13.62,90.4328571429,7.97142857143,110.6,27.133333333333336,0.26326785
28,2006-07-16,1.17,24.47142857099999,19.682857143000035,33.55000000000001,18.950000000000045,1.8,77.27142857140001,11.4285714286,0.5,26.650000000000002,0.3063506
29,2006-07-23,54.72,24.24714285700003,21.10857142900005,34.150000000000034,18.650000000000034,40.0,85.14,11.0,47.0,27.133333333333336,0.34634285
30,2006-07-30,28.66,24.354285714000014,20.110000000000014,34.55000000000001,16.55000000000001,15.4,79.7428571429,11.7142857143,11.4,25.900000000000002,0.33339287500000003
31,2006-08-06,44.96,24.360000000000014,22.05000000000001,35.25,19.55000000000001,38.07,88.7071428571,11.228571428599999,4.0,27.041666666666668,0.19153212500000003
32,2006-08-13,11.79,24.350000000000023,19.930000000000007,35.75,17.850000000000023,12.39,79.2428571429,12.228571428599999,26.6,26.96666666666667,0.38041785000000006
33,2006-08-20,47.74,25.498571429000037,22.395714285999986,34.75,21.450000000000045,22.19,84.62,10.2714285714,75.5,27.288888888899994,0.287208025
34,2006-08-27,68.6,25.585714285999984,21.994285714000057,35.55000000000001,19.350000000000023,23.6,83.0471428571,11.271428571400001,71.1,27.7,0.24155715
35,2006-09-03,68.0,25.129999999999995,22.122857143000033,36.85000000000002,19.950000000000045,22.24,85.3728571429,11.171428571400002,176.0,26.666666666666668,0.334852975
36,2006-09-10,90.33,26.115714286000014,20.75285714300003,37.150000000000034,17.05000000000001,9.4,75.53,13.728571428599999,15.3,27.373333333333335,0.259721425
37,2006-09-17,111.87,24.652857143000006,19.887142857000015,35.55000000000001,18.75,16.4,77.2542857143,11.328571428599998,0.5,27.05,0.2528725
38,2006-09-24,82.2,26.189999999999998,21.200000000000045,38.05000000000001,18.350000000000023,35.7,77.5142857143,13.7428571429,93.9,28.044444444433328,0.342241675
39,2006-10-01,134.64,26.23142857099998,22.588571429000012,35.450000000000045,21.150000000000034,44.62,82.8457142857,11.2857142857,63.0,28.5888888889,0.41847145
40,2006-10-08,60.48,26.315714286000002,22.010000000000048,37.150000000000034,18.850000000000023,24.8,80.49,12.7857142857,68.9,28.566666666666663,0.316903575
41,2006-10-15,41.69,26.195714285999998,23.601428570999985,36.35000000000002,20.650000000000034,29.5,86.8528571429,12.0571428571,162.6,27.953333333333337,0.179234175
42,2006-10-22,103.77,26.498571429000037,24.61428571400006,34.950000000000045,22.55000000000001,55.5,90.37857142860001,8.57142857143,8.1,28.933333333333334,0.2855607
43,2006-10-29,55.94,25.644285714000034,23.51142857100001,35.150000000000034,20.850000000000023,54.8,89.7,9.34285714286,143.3,27.05333333333333,0.41823575
44,2006-11-05,67.5,27.31714285700002,23.73285714299999,36.650000000000034,21.950000000000045,42.73,82.9342857143,11.614285714300001,14.0,28.844444444433336,0.326710725
45,2006-11-12,80.25,26.282857143,24.702857143000017,34.650000000000034,22.150000000000034,68.0,92.0885714286,8.2,108.7,28.183333333333334,0.280146425
46,2006-11-19,86.65,24.145714285999986,23.05142857100003,31.350000000000023,20.350000000000023,87.2,94.44,7.3571428571399995,85.6,27.533333333333335,0.25653929999999997
47,2006-11-26,43.59,24.948571429000026,23.81142857100002,34.150000000000034,21.55000000000001,61.43,94.30285714290001,7.37142857143,205.3,27.266666666666666,0.31948212499999995
48,2006-12-03,75.33,26.04714285700004,23.838571429000012,35.950000000000045,20.850000000000023,61.28,89.55,10.7571428571,115.1,28.566666666666663,0.16259285
49,2006-12-10,99.89,25.05285714300004,24.458571429000017,31.450000000000045,21.450000000000045,95.02,96.7957142857,6.914285714289999,10.9,28.433333333333334,0.37919225
50,2006-12-17,157.75,25.00857142900003,24.201428571000008,31.25,21.05000000000001,63.0,95.8757142857,6.4,,28.316666666666663,0.3611369
51,2006-12-24,111.48,24.53000000000003,23.575714285999993,33.55000000000001,21.150000000000034,80.2,95.0785714286,6.54285714286,,27.866666666666664,0.331039175
1,2007-01-01,79.94,24.138571429000024,23.367142857000033,33.150000000000034,20.05000000000001,88.9,95.9271428571,7.414285714289999,133.4,26.666666666666668,0.1755113
2,2007-01-08,37.06,23.954285714000036,23.238571429000046,31.450000000000045,21.450000000000045,144.59,96.23857142860001,6.72857142857,61.5,27.141666666666666,0.18811902500000002
3,2007-01-15,126.89,24.237142857000038,23.238571429000046,32.35000000000002,20.150000000000034,52.2,94.6471428571,7.04285714286,178.0,27.791666666666668,0.256853575
4,2007-01-22,95.47,24.464285714000027,23.875714286000004,30.55000000000001,21.75,180.99,96.99714285709999,5.52857142857,149.9,27.766666666666666,0.225474975
5,2007-01-29,83.7,24.994285714000057,23.624285714000052,34.650000000000034,21.150000000000034,65.1,93.13571428569999,9.0,60.3,28.34166666666667,0.17857499999999998
6,2007-02-05,61.8,25.180000000000007,22.620000000000005,36.55000000000001,20.25,11.7,87.53,10.714285714299999,9.9,28.8,0.37261429999999995
7,2007-02-12,14.19,26.021428571,21.0,35.55000000000001,18.25,2.1,75.80428571430001,11.228571428599999,61.3,28.983333333333338,0.28952500000000003
8,2007-02-19,25.7,27.415714286000025,21.01571428599999,37.05000000000001,21.25,11.55,72.44571428569999,13.1857142857,0.0,28.713333333333335,0.197890475
9,2007-02-26,55.56,25.908571429000062,21.140000000000043,36.05000000000001,18.350000000000023,35.33,78.58571428569999,11.5571428571,28.0,28.25333333333333,0.1783875
10,2007-03-05,117.07,24.30000000000001,23.167142857000044,32.650000000000034,20.25,227.25,94.34857142860001,7.37142857143,205.3,27.399999999999995,0.21151072499999998
11,2007-03-12,55.47,23.80142857100003,23.151428570999997,30.650000000000034,20.650000000000034,51.3,96.52285714290001,6.11428571429,138.0,27.599999999999998,0.28452679999999997
12,2007-03-19,150.33,24.53428571400002,22.74000000000001,32.25,19.450000000000045,59.2,90.8585714286,8.17142857143,252.7,27.53333333333333,0.23064215000000002
13,2007-03-26,93.14,24.685714286000007,23.410000000000025,34.05000000000001,19.650000000000034,58.4,93.58571428569999,8.24285714286,66.1,28.116666666666664,0.23970714999999998
14,2007-04-02,97.04,24.56714285700002,23.771428571,32.35000000000002,21.150000000000034,238.2,95.82,6.61428571429,94.3,27.955555555566672,0.244514275
15,2007-04-09,98.94,24.405714286000034,23.538571429000058,30.950000000000045,19.25,147.57,95.52714285709999,6.72857142857,60.4,27.849999999999998,0.17224345000000002
16,2007-04-16,93.62,23.881428571000015,22.86428571400006,31.650000000000034,18.850000000000023,46.45,94.7214285714,7.52857142857,97.1,27.666666666666668,0.19825355
17,2007-04-23,157.86,24.192857143000026,23.352857142999994,31.75,19.75,62.3,95.52571428569999,7.3,261.7,27.7111111111,0.23965712500000003
18,2007-04-30,103.39,24.075714285999993,22.792857142999992,31.55000000000001,20.450000000000045,47.24,93.47,7.37142857143,118.2,27.28333333333333,0.20440357499999998
19,2007-05-07,89.15,23.755714286,22.844285714000023,33.450000000000045,18.55000000000001,56.1,95.0371428571,9.35714285714,38.1,27.7,0.1839714
20,2007-05-14,45.23,22.445714285999998,20.862857143000042,31.25,17.55000000000001,86.9,91.83285714290001,8.31428571429,191.4,26.53333333333333,0.183164275
21,2007-05-21,64.11,24.082857143000012,23.01857142900002,34.150000000000034,19.350000000000023,65.6,94.8528571429,8.95714285714,86.6,27.916666666666668,0.32525715
22,2007-05-28,76.68,23.02857142900001,20.888571429000024,33.650000000000034,13.75,29.1,89.28,10.2,61.8,25.0,0.0870214175
23,2007-06-04,39.11,23.711428571,22.08000000000004,32.05000000000001,18.950000000000045,33.48,91.72,9.0,0.5,26.066666666666663,0.22854760000000002
24,2007-06-11,54.78,23.5,21.77857142900001,31.650000000000034,17.150000000000034,30.9,91.45857142860001,9.91428571429,12.9,26.633333333333336,0.317289275
25,2007-06-18,78.83,22.968571429000065,21.821428571000013,31.25,19.650000000000034,70.3,94.0657142857,6.885714285710001,126.0,26.3888888889,0.15658927499999997
26,2007-06-25,11.41,23.421428571000035,22.02857142900001,31.850000000000023,19.55000000000001,22.8,92.6714285714,8.77142857143,10.2,26.322222222233336,0.1648464
27,2007-07-02,1.59,23.678571429000044,19.027142857000058,32.650000000000034,17.05000000000001,1.4,78.0742857143,12.228571428599999,,25.833333333333332,0.21351787500000002
28,2007-07-09,18.78,24.235714286000018,20.781428570999992,33.75,17.55000000000001,13.04,83.3871428571,10.871428571400001,54.1,26.45,0.300241675
29,2007-07-16,26.29,22.908571429000062,21.791428570999983,30.450000000000045,17.950000000000045,39.52,94.24714285709999,7.72857142857,22.9,26.244444444433338,0.344085725
30,2007-07-23,27.91,24.49000000000001,21.195714285999998,35.05000000000001,16.950000000000045,11.64,84.1557142857,12.357142857100001,11.9,27.083333333333332,0.36982855000000003
31,2007-07-30,70.88,23.57428571400004,19.850000000000023,32.450000000000045,16.850000000000023,25.5,82.5714285714,11.5,55.9,24.883333333333336,0.411
32,2007-08-06,35.77,24.670000000000016,19.55857142900004,35.05000000000001,16.55000000000001,6.08,76.61857142859999,12.771428571400001,30.3,25.458333333333332,0.26840715
33,2007-08-13,36.78,24.941428571000017,20.922857142999987,34.85000000000002,18.650000000000034,9.21,80.9357142857,9.71428571429,76.5,27.099999999999998,0.2447357
34,2007-08-20,9.06,25.635714285999995,21.04571428600002,34.950000000000045,21.150000000000034,12.4,79.33428571430001,11.5714285714,22.1,26.774999999999995,0.348546425
35,2007-08-27,30.26,27.51714285700001,19.97428571400002,39.25,20.25,12.8,67.7571428571,13.385714285699999,0.0,27.21666666666667,0.28346784999999997
36,2007-09-03,76.28,23.948571429000026,22.532857143,31.25,20.350000000000023,56.85,92.65714285709998,7.885714285710001,37.1,27.066666666666663,0.304501775
37,2007-09-10,49.85,25.410000000000025,22.01285714300002,35.450000000000045,19.850000000000023,26.2,84.4128571429,12.1571428571,150.9,27.066666666666663,0.29578629999999995
38,2007-09-17,58.22,25.35857142900005,22.684285714000055,36.05000000000001,20.150000000000034,34.27,86.7071428571,12.4,16.3,27.26666666666667,0.355
39,2007-09-24,59.79,26.54857142900005,22.150000000000034,37.450000000000045,19.55000000000001,10.3,78.5642857143,13.8,34.0,27.677777777766664,0.25273215
40,2007-10-01,37.28,25.131428571000015,23.137142857000015,37.650000000000034,21.55000000000001,73.33,89.8442857143,9.1,107.9,28.5,0.295739875
41,2007-10-08,39.09,26.425714286000016,22.29714285700004,36.450000000000045,21.650000000000034,38.28,80.45,11.6,145.1,28.133333333333336,0.384753575
42,2007-10-15,74.52,26.29428571400001,23.437142857000026,37.05000000000001,21.850000000000023,86.4,86.7057142857,9.82857142857,4.1,28.7,0.20250357500000002
43,2007-10-22,106.73,23.821428571000013,22.810000000000002,31.950000000000045,18.75,67.93,94.7814285714,7.75714285714,79.3,26.633333333333336,0.38882500000000003
44,2007-10-29,51.28,24.680000000000007,23.82857142900002,33.150000000000034,20.55000000000001,67.47,95.59285714290002,9.35714285714,0.0,27.53333333333333,0.272642875
45,2007-11-05,69.88,26.32857142900002,23.09857142900006,35.35000000000002,21.150000000000034,50.6,84.85,9.485714285710001,22.1,28.666666666666668,0.3089357
46,2007-11-12,109.5,24.984285714000066,23.680000000000007,35.450000000000045,21.450000000000045,103.3,93.55428571430001,8.68571428571,111.3,27.59166666666667,0.17731249999999998
47,2007-11-19,52.27,24.531428570999992,23.788571429000058,32.55000000000001,21.150000000000034,124.2,96.2142857143,5.74285714286,80.0,27.24,0.21283924999999998
48,2007-11-26,129.33,24.730000000000018,24.06714285700002,32.05000000000001,21.25,65.57,96.52285714290001,6.94285714286,293.1,27.274999999999995,0.163613575
49,2007-12-03,73.16,25.370000000000005,23.754285714000048,32.35000000000002,21.150000000000034,57.8,91.6542857143,8.3,142.0,27.900000000000002,0.31187857500000005
50,2007-12-10,83.39,25.898571429000015,23.111428571000033,34.650000000000034,21.150000000000034,42.68,86.7557142857,9.91428571429,23.1,28.55,0.270922625
51,2007-12-17,146.13,23.99142857100003,23.24714285700003,33.450000000000045,20.150000000000034,89.72,96.0742857143,5.68571428571,261.3,27.641666666666666,0.264428575
52,2007-12-24,53.57,24.49000000000001,23.218571429000065,31.75,21.150000000000034,62.14,93.4685714286,7.42857142857,28.1,27.166666666666668,0.198975
1,2008-01-01,19.95,26.127142857000024,21.51857142900002,35.05000000000001,20.950000000000045,21.4,78.67,10.7285714286,,28.59166666666667,0.17753572499999998
2,2008-01-08,71.84,22.945714285999998,22.05000000000001,28.950000000000045,20.150000000000034,62.61,95.28,5.1,104.4,26.600000000000005,0.386852975
3,2008-01-15,95.97,24.884285714000043,23.939999999999998,32.35000000000002,19.25,63.92,94.9685714286,8.58571428571,125.3,27.677777777766664,0.203067875
4,2008-01-22,102.59,24.05714285700003,23.100000000000023,31.650000000000034,21.650000000000034,93.43,95.1257142857,5.97142857143,46.3,26.899999999999995,0.28012142500000003
5,2008-01-29,110.0,25.248571429000037,23.861428571000033,34.450000000000045,21.05000000000001,66.0,93.0,9.08571428571,121.2,27.522222222233335,0.3598232
6,2008-02-05,38.72,26.340000000000032,21.478571429000056,35.25,20.350000000000023,28.0,78.13142857140001,11.5571428571,5.1,27.622222222233333,0.19514107500000002
7,2008-02-12,47.23,24.620000000000005,23.77285714300001,32.85000000000002,21.650000000000034,103.22,95.7071428571,6.71428571429,9.2,26.8,0.1786792
8,2008-02-19,122.64,23.945714285999998,22.458571429000017,30.950000000000045,19.75,33.9,92.37,7.614285714289999,115.3,27.8,0.20350895
9,2008-02-26,101.33,23.81428571400005,23.23142857099998,29.150000000000034,20.950000000000045,70.83,96.9271428571,5.41428571429,127.6,27.28333333333333,0.306910725
10,2008-03-04,210.83,24.604285714000014,22.370000000000005,34.75,20.150000000000034,39.1,88.97285714290001,8.95714285714,119.6,27.459999999999997,0.1698274
11,2008-03-11,96.05,24.867142857000033,22.75,32.35000000000002,19.850000000000023,32.17,89.26857142860001,9.014285714289999,64.4,27.21666666666667,0.14472142500000001
12,2008-03-18,91.87,23.605714286000023,22.325714285999993,31.850000000000023,20.150000000000034,90.5,93.45142857139999,7.214285714289999,100.9,26.758333333333336,0.19876905
13,2008-03-25,62.13,23.944285714000046,22.79857142900005,30.55000000000001,19.950000000000045,53.36,94.0742857143,6.55714285714,282.7,27.066666666666663,0.33525715
14,2008-04-01,107.0,24.54428571400001,22.704285714000036,32.25,20.55000000000001,24.9,90.9571428571,8.6,21.1,27.922222222233334,0.216542225
15,2008-04-08,71.45,24.387142857000015,23.48285714299999,32.950000000000045,19.650000000000034,99.96,95.15714285709998,7.4,53.1,27.366666666666664,0.3156607
16,2008-04-15,79.74,24.29714285700004,22.78571428600003,32.35000000000002,20.650000000000034,45.96,92.1242857143,7.785714285710001,61.0,27.36666666666667,0.293089275
17,2008-04-22,42.05,23.610000000000014,23.23285714299999,28.75,20.55000000000001,62.52,97.9714285714,4.88571428571,85.9,27.083333333333332,0.317303575
18,2008-04-29,42.12,24.922857142999987,23.591428570999994,33.150000000000034,19.950000000000045,115.99,93.66285714290001,8.68571428571,31.2,27.6888888889,0.10204643999999999
19,2008-05-06,50.5,22.825714285999993,21.51571428599999,31.350000000000023,17.450000000000045,47.1,93.15857142860001,6.97142857143,18.0,26.53333333333333,0.1432571
20,2008-05-13,30.08,21.700000000000045,20.094285714000023,31.25,15.350000000000023,18.08,91.5042857143,7.385714285710001,6.1,25.055555555566666,0.245612125
21,2008-05-20,45.69,23.118571429000042,22.488571429000046,30.25,18.55000000000001,59.4,96.62142857139999,5.95714285714,58.2,26.416666666666668,0.20906192499999998
22,2008-05-27,72.04,23.591428570999994,22.844285714000023,30.950000000000045,20.650000000000034,134.66,96.02571428569999,5.75714285714,76.1,27.066666666666666,0.11721607499999998
23,2008-06-03,30.09,23.25,22.060000000000002,31.25,19.05000000000001,73.01,93.9828571429,6.77142857143,13.6,26.133333333333336,0.16773572499999997
24,2008-06-10,13.27,23.03714285700005,20.74142857100003,32.650000000000034,15.050000000000011,12.9,88.81,9.3,6.4,25.314285714285717,0.274173825
25,2008-06-17,111.18,23.592857143000003,22.78428571400002,31.25,20.650000000000034,57.87,95.86,6.95714285714,79.8,26.428571428571427,0.22759284999999999
26,2008-06-24,89.88,23.30857142900004,22.042857142999992,31.650000000000034,18.05000000000001,61.8,93.7957142857,7.385714285710001,93.5,25.476190476190478,0.23864585
27,2008-07-01,0.0,23.392857143000015,20.680000000000007,31.75,17.55000000000001,9.4,86.5242857143,9.44285714286,1.3,26.457142857142856,0.26080715
28,2008-07-08,0.0,23.395714285999986,20.444285714000046,32.75,17.350000000000023,7.47,85.6557142857,9.27142857143,0.0,26.57142857142857,0.191441075
29,2008-07-15,62.84,22.928571429000044,21.541428570999983,31.450000000000045,18.650000000000034,27.33,93.05571428569999,8.44285714286,44.2,26.61904761904762,0.21626784999999998
30,2008-07-22,52.36,23.395714285999986,21.852857142999994,33.650000000000034,14.650000000000034,47.59,92.77714285709999,8.6,18.1,26.599999999999998,0.282362525
31,2008-07-29,44.63,23.894285714000034,22.220000000000027,34.35000000000002,19.75,39.0,92.04857142860001,9.77142857143,36.4,26.893333333333334,0.34022085
32,2008-08-05,32.45,24.160000000000025,22.355714286000023,34.25,19.450000000000045,143.35,91.09285714290002,9.74285714286,18.1,26.7,0.2156643
33,2008-08-12,26.03,24.06428571400005,22.197142857000017,32.450000000000045,19.55000000000001,39.69,90.72714285709999,9.34285714286,11.0,27.5,0.44150715
34,2008-08-19,12.88,26.07857142900002,21.26857142900002,37.05000000000001,18.650000000000034,33.0,78.2771428571,13.5571428571,7.9,28.599999999999998,0.31068212500000003
35,2008-08-26,58.2,25.424285714000064,21.942857143000026,37.25,19.55000000000001,37.0,84.49142857140001,10.7428571429,44.0,27.77777777776667,0.31743095
36,2008-09-02,34.59,25.381428571000015,21.711428571,36.150000000000034,20.05000000000001,29.0,83.05,10.6571428571,8.1,27.983333333333334,0.326733325
37,2008-09-09,86.14,23.771428571,22.334285714000032,32.75,20.25,59.1,92.6528571429,7.685714285710001,16.5,28.322222222233332,0.250533325
38,2008-09-16,65.43,24.438571429000035,22.157142857000053,33.55000000000001,18.950000000000045,53.5,88.52571428569999,8.57142857143,50.1,28.033333333333335,0.259833325
39,2008-09-23,61.38,24.510000000000048,22.340000000000032,36.150000000000034,19.55000000000001,63.27,90.18142857139999,8.15714285714,26.9,28.516666666666666,0.37536607499999997
40,2008-09-30,24.28,26.02857142900001,21.611428571000033,37.05000000000001,19.25,121.3,79.5028571429,12.7857142857,1.0,28.16388888888333,0.379975
41,2008-10-07,69.47,26.951428571000008,22.211428571,37.25,20.850000000000023,53.9,78.4542857143,12.014285714300001,57.7,29.511111111099996,0.181369025
42,2008-10-14,69.39,25.200000000000045,22.76571428599999,37.35000000000002,19.55000000000001,67.9,88.85714285709999,9.97142857143,24.9,27.383333333333336,0.2886964
43,2008-10-21,52.65,24.717142857000056,23.55142857100003,31.850000000000023,19.55000000000001,111.9,93.8542857143,8.71428571429,24.2,28.1111111111,0.27181072500000003
44,2008-10-28,43.6,25.222857143,23.675714286000016,35.35000000000002,20.850000000000023,149.1,92.6085714286,8.57142857143,0.0,27.866666666666664,0.19395715
45,2008-11-04,57.85,25.31428571400005,24.31857142900003,34.05000000000001,19.950000000000045,107.48,95.29,7.085714285710001,109.0,28.206666666666667,0.479860725
46,2008-11-11,60.36,25.34857142900006,22.860000000000014,36.450000000000045,20.55000000000001,63.9,88.3285714286,10.0142857143,42.6,28.266666666666666,0.326396425
47,2008-11-18,59.44,25.74000000000001,24.591428570999994,34.05000000000001,22.05000000000001,199.52,94.1414285714,7.814285714289999,10.6,28.055555555566666,0.18722497500000002
48,2008-11-25,81.11,25.379999999999995,24.427142857000035,32.950000000000045,21.55000000000001,90.68,95.26,7.1,59.0,26.866666666666664,0.27858215
49,2008-12-02,45.03,24.961428571,23.894285714000034,32.05000000000001,20.25,139.55,94.64,7.1428571428600005,80.0,27.22,0.172191675
50,2008-12-09,64.03,25.50142857100002,23.032857143,35.75,21.950000000000045,53.25,88.5514285714,9.2,17.2,28.0,0.29252775
51,2008-12-16,70.92,25.378571429000033,23.697142857000017,33.150000000000034,22.05000000000001,57.61,91.77714285709999,9.05714285714,51.0,27.775000000000002,0.209896425
52,2008-12-23,55.11,26.407142857000053,22.444285714000046,35.150000000000034,20.75,41.6,81.86857142859999,10.3428571429,0.5,28.226666666666663,0.22749999999999998
1,2009-01-01,,,,,,,,,,27.97444444445,0.146421425
2,2009-01-08,52.28,24.575714285999993,23.634285714000043,31.450000000000045,21.05000000000001,93.55,95.22285714290001,7.5,86.1,27.72222222223333,0.20911834999999998
3,2009-01-15,72.03,23.532857143,23.26857142900002,30.850000000000023,22.05000000000001,149.77,98.61,3.7142857142900003,72.8,27.19333333333333,0.214521425
4,2009-01-22,76.16,23.400000000000034,21.987142857000038,30.350000000000023,19.55000000000001,53.81,92.46714285709999,6.485714285709999,11.2,27.7888888889,0.2011
5,2009-01-29,118.54,24.34571428600003,23.36428571400006,31.25,20.850000000000023,66.1,94.92857142860001,8.14285714286,67.8,27.55,0.17315414999999998
6,2009-02-05,149.06,24.255714286,23.689999999999998,29.55000000000001,21.350000000000023,93.3,97.00714285709999,5.18571428571,44.1,27.822222222233336,0.255896425
7,2009-02-12,60.51,24.172857142999987,23.04428571400001,32.55000000000001,19.75,48.72,94.2342857143,7.17142857143,14.0,28.099999999999998,0.151207125
8,2009-02-19,124.8,24.53571428600003,23.104285714000014,33.55000000000001,21.05000000000001,124.0,92.9057142857,6.82857142857,111.4,27.733333333333334,0.17702497500000003
9,2009-02-26,147.44,24.24142857100003,23.344285714000023,33.450000000000045,21.150000000000034,102.72,95.12142857139999,7.07142857143,84.1,26.76,0.29939417500000004
10,2009-03-05,58.56,24.694285714000046,23.560000000000002,31.450000000000045,21.350000000000023,87.28,94.37857142860001,6.8,49.1,28.133333333333336,0.355839275
11,2009-03-12,97.8,23.908571429000062,23.565714286000002,30.850000000000023,20.450000000000045,108.83,98.1342857143,6.02857142857,0.0,27.366666666666664,0.20242857500000003
12,2009-03-19,106.68,24.21571428599998,23.350000000000023,31.450000000000045,20.450000000000045,66.83,95.70857142860001,6.18571428571,14.3,27.5,0.1912744
13,2009-03-26,100.78,24.00285714300003,23.03428571400002,30.150000000000034,21.450000000000045,49.93,94.9028571429,6.3571428571399995,45.0,28.133333333333336,0.2629476
14,2009-04-02,131.17,24.09571428600003,23.395714285999986,31.350000000000023,20.950000000000045,63.3,96.3957142857,6.74285714286,19.0,27.950000000000003,0.0841553575
15,2009-04-09,133.47,24.74000000000001,22.654285714000025,33.650000000000034,19.950000000000045,50.64,89.67285714290001,9.02857142857,134.9,27.7111111111,0.14461427500000001
16,2009-04-16,99.77,23.485714286000018,22.985714286000018,31.55000000000001,19.450000000000045,74.5,97.3,6.38571428571,87.3,27.03333333333333,0.198392875
17,2009-04-23,52.74,24.395714285999986,23.737142857000038,30.450000000000045,21.75,62.74,96.66428571430001,4.985714285709999,41.2,27.46666666666667,0.211146425
18,2009-04-30,99.89,24.254285714000048,23.29857142900005,30.450000000000045,21.150000000000034,93.8,95.0785714286,6.27142857143,30.8,27.383333333333336,0.295667875
19,2009-05-07,30.73,24.412857142999997,23.334285714000032,33.650000000000034,19.75,59.5,95.1,7.1428571428600005,44.0,28.366666666666664,0.23209997500000001
20,2009-05-14,38.51,24.457142857000008,23.121428571000024,33.35000000000002,19.55000000000001,46.43,93.29857142860001,9.07142857143,11.2,28.358333333333334,0.226460725
21,2009-05-21,66.46,24.57428571400004,22.862857143000042,33.950000000000045,20.25,39.89,91.79,10.0714285714,50.5,28.116666666666664,0.275578575
22,2009-05-28,40.04,23.55428571400006,23.11428571400006,31.950000000000045,19.55000000000001,73.0,97.74285714290001,5.61428571429,19.3,27.666666666666668,0.197825625
23,2009-06-04,42.22,22.975714286000027,22.117142857000033,29.350000000000023,19.650000000000034,53.91,95.50714285709999,6.07142857143,,28.099999999999998,0.10754999750000001
24,2009-06-11,8.74,21.954285714000036,20.760000000000048,32.05000000000001,16.75,112.31,94.13,6.24285714286,23.9,26.055555555566666,0.171964275
25,2009-06-18,43.32,22.881428571000015,21.712857143000008,32.05000000000001,18.850000000000023,45.97,93.9714285714,7.714285714289999,21.0,26.649999999999995,0.33601072499999995
26,2009-06-25,141.65,24.06714285700002,22.960000000000036,32.450000000000045,20.05000000000001,66.41,94.55571428569999,8.64285714286,40.6,27.325,0.22906725
27,2009-07-02,68.15,23.30285714300004,22.207142857000008,31.450000000000045,19.150000000000034,55.5,94.53857142860001,8.64285714286,14.0,27.416666666666668,0.20145712500000001
28,2009-07-09,91.4,22.915714286000025,22.01714285700001,33.05000000000001,18.25,39.67,95.38571428569999,8.12857142857,2.0,27.53333333333333,0.326377975
29,2009-07-16,65.19,23.377142857000024,22.26142857100001,33.650000000000034,19.55000000000001,40.1,94.6242857143,7.27142857143,38.9,27.541666666666668,0.27186785
30,2009-07-23,35.82,23.375714286000004,20.902857143000006,33.55000000000001,19.150000000000034,12.93,88.23,9.52857142857,20.4,26.71666666666667,0.23148332500000002
31,2009-07-30,51.77,23.937142857000026,21.895714285999986,34.75,17.25,39.3,89.9714285714,9.75714285714,32.0,27.0,0.14474640000000003
32,2009-08-06,9.79,24.220000000000027,21.674285714000064,34.75,17.55000000000001,34.4,87.8114285714,11.7571428571,,27.958333333333332,0.408483325
33,2009-08-13,35.23,25.207142857000008,22.357142857000042,35.05000000000001,19.05000000000001,43.2,87.11,11.3428571429,20.1,27.366666666666664,0.37932855
34,2009-08-20,6.52,25.527142857000058,21.55857142900004,36.150000000000034,19.850000000000023,25.3,80.64,10.9285714286,1.0,28.573333333333338,0.23850355
35,2009-08-27,95.83,25.84714285700005,23.29428571400001,37.25,20.25,45.34,88.1771428571,11.7857142857,27.2,29.066666666666666,0.22368215000000002
36,2009-09-03,83.02,24.238571429000046,23.238571429000046,31.850000000000023,20.350000000000023,78.37,94.99285714290001,7.6428571428600005,47.5,27.600000000000005,0.50398215
37,2009-09-10,13.74,26.70571428599999,21.164285714000016,36.85000000000002,18.650000000000034,9.3,75.2328571429,13.042857142899999,6.1,29.322222222233336,0.22202917500000002
38,2009-09-17,40.17,26.32000000000005,21.468571429000065,36.85000000000002,20.350000000000023,23.01,78.11857142859999,11.6,0.8,28.816666666666674,0.2706038
39,2009-09-24,78.68,26.174285714000064,22.677142857000035,36.650000000000034,20.55000000000001,33.0,83.7628571429,11.0,8.1,28.955555555566665,0.28026785
40,2009-10-01,57.18,24.884285714000043,23.194285714000046,34.25,21.650000000000034,79.1,91.5757142857,8.514285714289999,33.1,27.883333333333336,0.237042825
41,2009-10-08,20.58,25.55714285700003,23.411428570999988,35.150000000000034,21.150000000000034,43.94,89.31,9.28571428571,29.4,27.813333333333333,0.265432125
42,2009-10-15,30.49,26.587142857000003,22.200000000000045,38.150000000000034,20.650000000000034,18.1,79.2228571429,11.885714285699999,11.2,27.71666666666667,0.288825
43,2009-10-22,82.59,25.70571428599999,23.76857142900002,34.05000000000001,20.950000000000045,67.4,90.65714285709998,8.57142857143,137.1,28.011111111099996,0.3323107
44,2009-10-29,77.38,25.52857142900001,24.292857142999992,37.650000000000034,21.75,84.54,93.8085714286,8.34285714286,11.2,28.0,0.2769982
45,2009-11-05,45.79,26.01142857100001,23.99000000000001,36.55000000000001,19.05000000000001,47.31,90.3728571429,10.185714285700001,3.5,29.2888888889,0.3461006
46,2009-11-12,96.23,27.171428571000035,23.77571428599998,35.55000000000001,22.850000000000023,31.65,84.3114285714,10.457142857100001,88.2,28.713333333333328,0.39919642499999997
47,2009-11-19,29.72,27.335714285999984,22.958571429000017,37.85000000000002,21.350000000000023,47.0,80.7871428571,11.9285714286,39.1,29.13333333333333,0.37450000000000006
48,2009-11-26,38.17,26.30571428600001,24.075714285999993,35.55000000000001,21.950000000000045,60.7,89.5942857143,8.71428571429,17.0,28.8111111111,0.32673452499999994
49,2009-12-03,73.45,25.612857143000042,23.82000000000005,35.75,21.850000000000023,134.43,91.70857142860001,7.75714285714,49.0,28.50833333333333,0.355
50,2009-12-10,85.62,26.04857142900005,23.445714285999998,35.450000000000045,21.450000000000045,49.32,87.75285714290001,10.4428571429,41.9,28.316666666666666,0.227875
51,2009-12-17,81.21,25.197142857000017,23.755714286,34.35000000000002,21.850000000000023,208.87,92.95857142860001,6.67142857143,54.1,28.599999999999998,0.22549285
52,2009-12-24,98.79,24.031428570999992,23.407142857000053,29.75,21.75,66.3,96.88571428569999,5.25714285714,31.2,27.066666666666666,0.24723715
53,2010-01-01,,,,,,,,,,27.783333333333335,
1,2010-01-08,27.04,26.11428571400006,21.379999999999995,35.450000000000045,19.650000000000034,8.5,78.27142857140001,11.1,,28.5,0.150753575
2,2010-01-15,32.99,25.147142857000006,22.99714285700003,34.85000000000002,20.650000000000034,144.6,89.80714285709999,9.15714285714,15.0,28.04444444443334,0.14760715
3,2010-01-22,19.04,25.77571428599998,23.230000000000018,34.650000000000034,21.650000000000034,31.2,87.6414285714,8.62857142857,0.8,28.8888888889,0.243178575
4,2010-01-29,138.51,25.141428571000006,23.410000000000025,35.150000000000034,21.850000000000023,65.76,91.79857142860001,7.685714285710001,166.0,28.5,0.243507125
5,2010-02-05,47.31,25.604285714000014,23.687142857000026,32.950000000000045,22.450000000000045,95.83,90.64857142860001,8.31428571429,62.3,28.0,0.142368475
6,2010-02-12,78.25,25.101428570999985,24.418571429000053,33.05000000000001,22.350000000000023,172.7,96.5157142857,6.32857142857,14.5,27.7,0.205592825
7,2010-02-19,32.19,26.498571429000037,23.939999999999998,36.05000000000001,21.350000000000023,54.2,88.3657142857,9.41428571429,60.9,28.066666666666663,0.25360715
8,2010-02-26,84.67,25.76714285700001,24.77857142900001,35.05000000000001,22.05000000000001,288.4,94.91571428569999,8.17142857143,29.9,28.27333333333333,0.28062855
9,2010-03-05,80.58,25.187142857000026,24.76714285700001,33.150000000000034,22.650000000000034,144.98,97.7,6.24285714286,9.9,28.366666666666664,0.142927525
10,2010-03-12,57.78,25.687142857000026,24.99142857100003,33.75,19.650000000000034,86.1,96.25,8.81428571429,44.5,28.45,0.31795
11,2010-03-19,121.2,26.041428570999983,25.30000000000001,34.25,20.850000000000023,191.76,96.1242857143,8.82857142857,22.9,29.333333333333332,0.29217142500000004
12,2010-03-26,51.29,25.854285714000014,24.405714286000034,34.75,21.450000000000045,214.9,93.08285714290001,8.02857142857,20.0,27.655555555566668,0.28981547500000004
13,2010-04-02,49.8,25.852857142999994,23.418571429000053,35.950000000000045,21.05000000000001,24.25,88.7071428571,9.514285714289999,16.0,28.077777777766666,0.18559405
14,2010-04-09,93.76,25.96571428599998,25.01142857100001,35.25,21.450000000000045,164.7,95.1828571429,7.714285714289999,,29.03333333333333,0.244496425
15,2010-04-16,17.33,25.155714286000034,23.852857142999994,34.150000000000034,21.150000000000034,150.8,93.6557142857,7.22857142857,18.0,27.116666666666664,0.15855
16,2010-04-23,86.7,25.288571429000058,24.52857142900001,31.55000000000001,21.55000000000001,81.4,95.9957142857,7.75714285714,51.1,27.95,0.27555712499999996
17,2010-04-30,26.0,25.898571429000015,23.31857142900003,35.25,21.450000000000045,23.6,87.65714285709998,8.25714285714,35.4,28.816666666666674,0.278685725
18,2010-05-07,73.97,24.467142857000056,23.825714285999993,31.55000000000001,21.450000000000045,85.46,96.7128571429,5.71428571429,8.1,27.400000000000002,0.278664275
19,2010-05-14,59.4,24.128571429000033,23.588571429000012,32.85000000000002,20.850000000000023,87.3,97.44571428569999,6.18571428571,32.0,27.433333333333334,0.151464275
20,2010-05-21,1.15,24.498571429000037,20.077142857000013,35.55000000000001,16.950000000000045,8.8,78.9985714286,11.2428571429,2.5,26.544444444433335,0.2595857
21,2010-05-28,55.3,26.184285714000055,23.675714286000016,36.55000000000001,21.350000000000023,45.0,88.7657142857,9.8,27.0,28.8111111111,0.3026268
22,2010-06-04,86.47,25.180000000000007,23.30285714300004,35.35000000000002,18.75,207.1,91.6,7.47142857143,36.6,27.944444444433334,0.17055712499999998
23,2010-06-11,58.94,23.448571429000026,22.351428570999985,32.35000000000002,19.25,50.6,94.28,7.5,7.4,25.266666666666666,0.21929640000000003
24,2010-06-18,59.67,23.195714285999998,22.174285714000064,32.950000000000045,18.75,62.33,94.66,7.87142857143,16.0,25.877777777766667,0.296014275
25,2010-06-25,63.22,24.947142857000017,22.657142857000053,34.650000000000034,19.150000000000034,36.9,89.08285714290001,11.014285714300001,20.4,27.791666666666668,0.280282125
