week_start_date,station_temp,reanalysis_temp_c,reanalysis_relative_humidity_percent,reanalysis_precip_amt_kg_per_m2,weekofyear,total_cases
1990-07-09,24.947619047633328,24.853928571250023,83.3757142857,37.51,28,8
1990-07-16,26.87142857143333,25.024285714250013,82.7685714286,28.4,29,2
1990-07-23,27.238095238099998,25.535000000000025,81.2814285714,43.72,30,6
1990-07-30,28.0238095238,25.845357142750014,81.4671428571,40.9,31,17
1990-08-06,29.280952380966664,25.368214285750014,82.1442857143,42.53,32,23
1990-08-13,28.804761904766675,25.63071428550002,80.7428571429,34.6,33,13
1990-08-20,27.638095238100004,25.789285714500043,80.58428571430001,20.0,34,21
1990-08-27,28.357142857133326,26.30142857125003,79.65,101.9,35,28
1990-09-03,28.342857142866663,25.688571428500023,84.1785714286,25.9,36,24
1990-09-10,28.876190476199998,25.67535714275003,80.9471428571,39.8,37,20
1990-09-17,26.985714285700002,25.454642857250036,83.3485714286,30.4,38,40
1990-09-24,28.2761904762,26.18392857150002,77.1728571429,24.18,39,27
1990-10-01,27.5380952381,26.40607142850003,81.55142857140001,36.6,40,42
1990-10-08,28.480952380966663,26.373571428750022,81.6371428571,16.4,41,33
1990-10-15,28.266666666666666,26.26535714300003,77.0485714286,36.1,42,43
1990-10-22,27.880952380966665,26.35892857150003,78.52,132.4,43,37
1990-10-29,28.3142857143,26.46178571425003,84.11,279.6,44,57
1990-11-05,28.419047619033336,26.79178571425001,85.6214285714,94.52,45,71
1990-11-12,28.142857142866664,26.022142857000013,85.5028571429,22.26,46,44
1990-11-19,28.995238095233326,26.338928571500034,82.7871428571,14.4,47,56
1990-11-26,28.3142857143,26.810000000000034,81.7157142857,7.1,48,53
1990-12-03,28.514285714299998,26.021428571500024,75.72857142859999,36.7,49,52
1990-12-10,28.657142857133326,25.535000000000025,78.1514285714,44.3,50,47
1990-12-17,28.7761904762,25.16500000000002,81.38571428569999,71.8,51,26
1990-12-24,27.90952380953333,25.89035714275002,79.9085714286,4.1,52,27
1991-01-01,26.89047619046667,26.159285714250018,68.7228571429,32.31,1,21
1991-01-08,28.0238095238,26.13428571425004,80.0828571429,5.46,2,21
1991-01-15,28.557142857133325,25.221785714250032,69.6814285714,4.8,3,26
1991-01-22,27.514285714299998,24.28750000000001,72.9385714286,26.33,4,34
1991-01-29,26.9,24.55642857150002,76.6285714286,27.4,5,37
1991-02-05,25.96666666666667,23.57678571425004,78.5,0.7,6,17
1991-02-12,25.861904761900007,24.288928571500026,71.5971428571,5.7,7,19
1991-02-19,24.495238095233326,23.16107142875002,71.7842857143,19.69,8,25
1991-02-26,25.804761904766675,22.316785714250017,75.7942857143,21.4,9,18
1991-03-05,25.052380952366672,23.36428571425003,78.8957142857,26.2,10,21
1991-03-12,24.228571428566667,23.40892857150003,79.74,23.8,11,17
1991-03-19,24.771428571433333,23.49178571425003,77.9771428571,8.3,12,17
1991-03-26,25.24761904763333,23.279285714250026,77.3157142857,13.37,13,16
1991-04-02,24.1380952381,23.247500000000013,78.1385714286,11.1,14,16
1991-04-09,24.576190476199997,22.88928571425004,77.8828571429,21.26,15,15
1991-04-16,25.219047619033336,23.586428571250025,80.0014285714,20.9,16,23
1991-04-23,25.4142857143,23.47821428575003,75.6628571429,19.78,17,16
1991-04-30,26.014285714299998,23.85214285700002,79.6285714286,21.9,18,17
1991-05-07,25.285714285700003,23.49178571425001,73.3514285714,19.7,19,12
1991-05-14,25.904761904766666,23.465357142750012,78.4471428571,8.38,20,17
1991-05-21,26.076190476199997,23.827500000000033,79.36,20.6,21,10
1991-05-28,26.4619047619,22.936071428500014,79.5414285714,35.37,22,15
1991-06-04,26.819047619033338,23.372142857249997,80.0671428571,59.3,23,19
1991-06-11,24.9142857143,22.938571428500023,81.30142857140001,43.4,24,21
1991-06-18,25.100000000000005,23.950714285750042,81.08857142859999,5.0,25,14
1991-06-25,25.3380952381,24.82535714275004,76.0742857143,5.82,26,18
1991-07-02,27.00952380953333,24.73785714300001,77.0357142857,17.0,27,13
1991-07-09,27.4380952381,24.261071428750046,81.4214285714,37.8,28,14
1991-07-16,27.142857142866664,24.62714285700002,82.7457142857,51.99,29,18
1991-07-23,26.642857142866674,24.970714285750052,81.69428571430001,18.7,30,23
1991-07-30,27.295238095233326,25.211071428750014,77.8771428571,23.6,31,25
1991-08-06,28.180952380966662,25.746071428500013,78.24142857140001,27.4,32,62
1991-08-13,28.2238095238,25.94392857150001,81.4828571429,34.39,33,60
1991-08-20,28.6761904762,25.809642857250022,81.8971428571,31.5,34,76
1991-08-27,29.2761904762,25.629285714250003,81.96,20.4,35,66
1991-09-03,27.8380952381,25.798214285500013,79.1971428571,25.47,36,64
1991-09-10,28.357142857133326,26.128928571250032,80.2557142857,23.8,37,68
1991-09-17,28.5380952381,25.96035714300004,81.5942857143,42.33,38,89
1991-09-24,28.866666666666664,26.007857143000027,82.31,11.4,39,92
1991-10-01,28.399999999999995,25.900000000000034,78.6271428571,28.8,40,140
1991-10-08,28.957142857133327,26.451071428500033,80.8771428571,77.5,41,116
1991-10-15,28.566666666666666,26.298214285500027,81.4242857143,60.0,42,142
1991-10-22,29.442857142866675,26.271785714250043,82.4857142857,55.1,43,129
1991-10-29,29.357142857133326,26.25107142875001,80.5157142857,31.19,44,140
1991-11-05,28.0857142857,26.47285714275003,79.3828571429,12.6,45,140
1991-11-12,29.24761904763333,26.65714285700002,76.7771428571,26.83,46,127
1991-11-19,28.7238095238,26.16250000000001,78.9871428571,74.83,47,129
1991-11-26,28.87142857143333,25.83678571425003,81.05857142859999,72.7,48,169
1991-12-03,28.447619047633328,25.612500000000026,83.5142857143,15.1,49,141
1991-12-10,27.947619047633328,25.853928571500035,75.5485714286,78.43,50,108
1991-12-17,27.3857142857,25.68678571425002,81.4857142857,35.1,51,78
1991-12-24,28.947619047633328,25.931071428750013,80.27571428569999,26.8,52,70
1992-01-01,27.9761904762,25.48928571425003,78.6214285714,8.76,1,81
1992-01-08,28.438095238099994,25.02535714300001,72.8614285714,19.3,2,104
1992-01-29,26.171428571433328,24.80428571425003,81.3,19.8,5,55
1992-02-05,26.157142857133326,24.48321428575004,84.1171428571,5.11,6,53
1992-02-12,26.876190476199998,23.637500000000035,78.2914285714,6.5,7,65
1992-02-19,25.57142857143333,22.36678571425001,75.22,16.2,8,33
1992-03-04,24.019047619033326,24.067500000000024,82.8757142857,4.4,10,59
1992-03-11,24.819047619033327,23.75142857150003,77.2957142857,14.4,11,40
1992-03-18,25.619047619033328,23.15321428550003,76.0371428571,5.5,12,37
1992-03-25,26.090476190466667,23.08464285725003,76.8785714286,12.6,13,29
1992-04-01,25.152380952366663,23.034285714250032,78.0571428571,3.56,14,30
1992-04-08,24.566666666666666,23.837142857250015,77.5057142857,21.0,15,30
1992-04-15,25.104761904766665,23.831785714500047,80.2385714286,16.2,16,28
1992-04-22,26.076190476199997,23.360000000000035,78.0671428571,11.1,17,23
1992-04-29,27.119047619033328,23.46714285700003,76.3757142857,70.6,18,24
1992-05-06,25.4619047619,23.56857142850005,84.1842857143,25.8,19,29
1992-05-13,25.785714285700003,23.738928571500026,78.4257142857,4.0,20,26
1992-05-20,26.395238095233324,23.57428571450004,74.9328571429,45.0,21,23
1992-05-27,26.3,23.86678571425003,78.48,27.5,22,20
1992-06-03,26.86666666666667,24.444642857250013,78.38142857140001,570.5,23,19
1992-06-10,26.342857142866663,24.293571428500012,85.6471428571,130.3,24,20
1992-06-17,27.1619047619,24.159285714500033,87.3014285714,50.0,25,26
1992-06-24,27.104761904766665,24.174285714250036,85.8271428571,43.8,26,29
1992-07-01,26.857142857133336,24.514285714250025,84.87,37.1,27,31
1992-07-08,28.190476190466665,24.20250000000001,84.2485714286,33.7,28,28
1992-07-15,27.62857142856667,24.84392857150003,82.7771428571,10.0,29,26
1992-07-22,27.1142857143,25.18750000000001,79.33428571430001,5.4,30,32
1992-07-29,27.985714285700002,25.45678571425003,78.4971428571,46.1,31,35
1992-08-05,27.6761904762,25.138928571250034,80.15,69.04,32,33
1992-08-12,27.33333333333333,25.093571428500013,81.9842857143,58.8,33,30
1992-08-19,28.46666666666667,25.788214285750044,82.3457142857,27.1,34,52
1992-08-26,28.495238095233326,25.988214285750036,80.7842857143,81.8,35,59
1992-09-02,28.395238095233324,26.196071428750013,82.75,61.6,36,67
1992-09-09,29.376190476199998,25.760714285750023,82.3171428571,28.9,37,65
1992-09-16,28.642857142866674,25.40071428575003,78.86428571430001,34.36,38,74
1992-09-23,27.742857142866665,25.16785714300002,79.2042857143,87.2,39,70
1992-09-30,27.519047619033326,25.603571428750033,79.93,32.6,40,61
1992-10-07,27.657142857133326,25.43071428575003,79.52571428569999,116.79,41,53
1992-10-14,27.690476190466665,25.82642857125002,83.7,34.2,42,76
1992-10-21,27.39047619046667,25.95607142850004,81.2971428571,19.4,43,61
1992-10-28,28.8380952381,26.021071428750005,79.7371428571,11.3,44,57
1992-11-04,28.123809523800002,25.866071428500018,77.83428571430001,21.5,45,44
1992-11-11,29.1761904762,26.022500000000008,77.8757142857,25.0,46,34
1992-11-18,28.042857142866662,25.568571428500015,78.91,27.7,47,47
1992-11-25,28.280952380966664,25.763571428500033,81.0528571429,31.72,48,60
1992-12-02,27.8857142857,26.297857142750033,79.0128571429,49.97,49,60
1992-12-09,28.190476190466665,25.92785714300004,80.2557142857,128.1,50,53
1992-12-16,29.261904761900002,25.72357142875002,85.5871428571,54.8,51,36
1992-12-23,29.152380952366663,25.577142857250024,82.6485714286,19.23,52,31
1993-01-01,28.45238095236667,25.869285714250026,78.3114285714,24.94,53,30
1993-01-08,28.623809523800002,24.953928571250014,76.66142857140001,23.8,1,32
1993-01-29,26.6619047619,24.678214285750016,81.8785714286,27.5,4,33
1993-02-05,27.83333333333333,24.69607142850002,77.1442857143,11.2,5,35
1993-02-12,26.642857142866674,24.15357142875001,76.9842857143,21.8,6,22
1993-02-19,26.738095238099998,23.143214285750037,77.8628571429,26.3,7,13
1993-03-05,25.671428571433328,23.629285714250017,79.8257142857,7.2,9,21
1993-03-12,25.864285714283326,23.300000000000026,76.5328571429,21.5,10,17
1993-03-19,26.057142857133325,23.394285714250017,76.2171428571,1.8,11,11
1993-03-26,24.46666666666667,22.97714285700002,73.2257142857,2.7,12,8
1993-04-02,24.95238095236667,23.764285714250025,70.6457142857,10.5,13,8
1993-04-09,24.43333333333333,22.81642857125001,77.7842857143,13.0,14,6
1993-04-16,25.923809523800006,23.625714285750018,76.8485714286,20.27,15,6
1993-04-23,25.342857142866663,22.792500000000032,80.7957142857,14.2,16,7
1993-04-30,26.190476190466665,22.806428571250024,78.5642857143,23.2,17,12
1993-05-07,26.16666666666667,21.900357143000008,78.9614285714,63.49,18,17
1993-05-14,25.557142857133325,23.71214285725,81.27142857140001,34.3,19,10
1993-05-21,24.566666666666666,23.577142857250024,81.6557142857,40.7,20,10
1993-05-28,27.10952380953333,23.413214285749998,84.0814285714,142.4,21,18
1993-06-04,25.947619047633328,23.799642857250017,84.52142857140001,55.67,22,19
1993-06-11,27.295238095233326,23.86964285725003,82.4357142857,100.2,23,12
1993-06-18,27.03333333333333,23.400357143000026,85.3985714286,93.2,24,22
1993-06-25,27.5238095238,24.64642857125001,86.9,20.2,25,12
1993-07-02,26.2238095238,24.453214285750022,80.6157142857,55.5,26,21
1993-07-09,27.495238095233326,24.104642857000016,81.4928571429,74.0,27,18
1993-07-16,27.1142857143,24.73214285700003,82.6085714286,27.5,28,16
1993-07-23,26.790476190466666,25.710000000000022,82.8328571429,72.8,29,16
1993-07-30,28.4761904762,25.348928571250035,81.1485714286,67.7,30,22
1993-08-06,28.714285714299997,26.58428571450003,81.2157142857,29.4,31,17
1993-08-13,27.180952380966673,25.25678571425001,79.15,109.0,32,25
1993-08-20,29.766666666666666,25.628928571250032,85.55142857140001,12.6,33,23
1993-08-27,27.742857142866672,25.853571428500032,82.8828571429,21.8,34,12
1993-09-03,27.6142857143,25.52428571425003,81.0128571429,62.7,35,25
1993-09-10,28.880952380966665,25.660000000000025,83.0757142857,26.9,36,28
1993-09-17,28.480952380966663,25.882857142750026,81.7271428571,34.4,37,27
1993-09-24,27.42857142856667,25.632500000000018,79.6285714286,42.1,38,18
1993-10-01,28.73333333333333,26.15500000000001,80.6842857143,50.0,39,23
1993-10-08,27.447619047633328,26.195714285500003,81.7942857143,57.9,40,23
1993-10-15,28.742857142866665,25.92071428575004,80.9014285714,76.0,41,29
1993-10-22,28.942857142866675,25.952142857250024,82.61,55.36,42,38
1993-10-29,29.238095238099998,25.99571428575001,83.8414285714,35.8,43,36
1993-11-05,28.89047619046666,26.022500000000036,81.1028571429,17.0,44,43
1993-11-12,28.619047619033328,25.891071428500013,78.8071428571,57.6,45,46
1993-11-19,28.1761904762,26.132142857000016,80.3985714286,16.1,46,31
1993-11-26,28.43333333333333,26.10928571425002,79.5042857143,25.6,47,25
1993-12-03,28.0857142857,25.731071428500012,79.0371428571,70.71,48,40
1993-12-10,28.328571428566665,26.07071428575001,80.3771428571,118.1,49,31
1993-12-17,28.204761904766663,26.03750000000001,82.1542857143,25.7,50,38
1993-12-24,28.33333333333333,25.72571428575003,80.4657142857,43.4,51,30
1994-01-01,28.46666666666667,25.923214285750017,80.3028571429,28.6,52,22
1994-01-08,28.257142857133328,25.156785714500018,76.8542857143,33.6,1,31
1994-01-15,28.0,24.983571428750025,78.8285714286,3.4,2,26
1994-01-22,27.9142857143,24.781785714250034,78.0185714286,19.5,3,35
1994-01-29,27.2238095238,24.673214285750017,75.7428571429,19.4,4,36
1994-02-05,26.928571428566666,24.309642857250022,79.15,16.4,5,39
1994-02-12,27.0619047619,24.28142857150003,75.9842857143,19.04,6,25
1994-02-19,26.076190476199997,24.28821428575003,78.38142857140001,21.8,7,31
1994-02-26,26.142857142866674,24.332142857000022,76.8257142857,11.5,8,37
1994-03-05,26.480952380966663,23.894285714250017,75.31,7.2,9,33
1994-03-12,27.157142857133326,23.57785714275002,72.88571428569999,11.5,10,25
1994-03-19,25.33333333333333,23.645714285750017,74.7885714286,16.7,11,24
1994-03-26,25.319047619033327,23.500714285500028,77.91571428569999,18.7,12,18
1994-04-02,25.028571428566664,23.454642857250036,81.5185714286,6.69,13,23
1994-04-09,25.10952380953333,23.217142857250014,75.4357142857,2.9,14,13
1994-04-16,25.4619047619,23.16285714275003,74.6471428571,6.66,15,18
1994-04-23,25.25238095236667,23.23214285725002,75.0828571429,4.4,16,14
1994-04-30,25.8,23.316071428750018,73.9514285714,37.0,17,17
1994-05-07,25.647619047633338,23.38892857150003,79.5171428571,16.6,18,22
1994-05-14,25.504761904766674,23.291428571250023,75.2471428571,4.9,19,13
1994-05-21,26.22857142856667,23.647500000000022,74.5157142857,14.1,20,24
1994-05-28,26.014285714299998,24.028571428500033,80.3528571429,21.1,21,31
1994-06-04,26.70952380953333,23.867857142750026,80.4628571429,28.9,22,34
1994-06-11,27.03333333333333,23.56785714275003,83.13571428569999,7.9,23,31
1994-06-18,26.409523809533333,23.423571428500022,79.5028571429,16.7,24,31
1994-06-25,25.690476190466665,24.220000000000034,77.66428571430001,21.5,25,38
1994-07-02,26.057142857133325,24.91571428575003,80.3828571429,3.7,26,49
1994-07-09,26.857142857133336,24.64535714275003,78.2928571429,26.51,27,42
1994-07-16,27.95238095236667,24.78964285700005,78.7042857143,22.9,28,49
1994-07-23,27.671428571433328,25.85142857125001,79.0271428571,54.83,29,55
1994-07-30,27.9380952381,25.460000000000022,78.80571428569999,18.52,30,80
1994-08-06,29.133333333333336,25.417500000000032,77.3028571429,9.9,31,84
1994-08-13,28.39047619046667,25.599285714250016,77.1028571429,3.3,32,72
1994-08-20,28.10952380953333,25.640714285750022,75.4357142857,22.9,33,89
1994-08-27,28.50952380953333,25.853571428500015,77.7957142857,12.5,34,115
1994-09-03,28.257142857133328,25.270000000000024,78.58428571430001,16.6,35,179
1994-09-10,28.366666666666664,25.362500000000008,76.4371428571,11.56,36,202
1994-09-17,28.00952380953333,25.59892857150001,76.92,20.24,37,272
1994-09-24,28.09047619046667,25.653571428500012,78.4828571429,28.3,38,302
1994-10-01,28.319047619033327,25.359642857250012,79.1385714286,70.4,39,395
1994-10-08,28.738095238099998,25.446071428750013,78.75,50.7,40,426
1994-10-15,28.485714285700002,25.849285714250016,79.3142857143,45.2,41,461
1994-10-22,28.528571428566664,26.22392857125001,80.3728571429,2.8,42,381
1994-10-29,28.738095238099998,26.37214285725001,74.1171428571,40.8,43,333
1994-11-05,28.590476190466667,25.901428571250023,78.2257142857,15.81,44,353
1994-11-12,29.642857142866674,25.91464285700002,76.3485714286,64.85,45,410
1994-11-19,28.995238095233326,25.91178571425003,85.4171428571,15.6,46,364
1994-11-26,28.95238095236667,25.557500000000033,78.6857142857,36.6,47,359
1994-12-03,28.3238095238,26.085000000000022,80.0957142857,47.5,48,288
1994-12-10,28.404761904766666,25.805000000000017,83.58428571430001,23.7,49,221
1994-12-17,29.171428571433328,26.156071428750025,83.5028571429,27.4,50,149
1994-12-24,29.076190476199997,25.095714285500012,78.56,106.09,51,112
1995-01-01,29.157142857133326,25.828214285750022,85.57,16.5,52,154
1995-01-08,27.923809523800003,25.24428571425001,75.4557142857,12.2,1,91
1995-01-15,28.25238095236667,25.61821428575003,76.91428571430001,30.4,2,72
1995-01-22,27.07142857143333,25.675000000000026,82.8671428571,12.5,3,56
1995-01-29,27.428571428566666,24.516071428500013,75.83857142859999,3.59,4,46
1995-02-05,28.352380952366673,24.10321428575004,74.0471428571,32.88,5,37
1995-02-12,26.5619047619,24.41571428575003,79.5528571429,6.2,6,26
1995-02-19,26.190476190466672,24.423214285500027,78.33,43.3,7,17
1995-02-26,26.6619047619,25.02821428575002,81.4042857143,3.6,8,17
1995-03-05,26.84761904763333,23.066071428500024,74.6557142857,10.07,9,20
1995-03-12,27.4380952381,23.923214285750035,77.02142857140001,29.08,10,11
1995-03-19,25.8,22.728571428500032,76.6342857143,50.73,11,7
1995-03-26,25.8238095238,23.506428571500024,79.8171428571,36.42,12,16
1995-04-02,24.55238095236666,23.615000000000038,82.0528571429,18.6,13,14
1995-04-09,26.50952380953333,23.49535714300001,77.02,6.7,14,16
1995-04-16,26.100000000000005,23.951071428500015,69.8614285714,4.6,15,5
1995-04-23,26.295238095233326,23.33535714300001,67.36428571430001,0.0,16,2
1995-04-30,26.476190476200003,23.230000000000004,73.4,2.1,17,6
1995-05-07,26.442857142866675,23.22321428550001,77.6057142857,19.6,18,5
1995-05-14,25.280952380966674,22.88285714275004,77.3214285714,2.7,19,4
1995-05-21,25.53333333333333,22.22785714275001,71.9371428571,4.1,20,3
1995-05-28,26.019047619033326,22.041428571500035,76.0728571429,9.0,21,4
1995-06-04,25.076190476199997,23.280357143000018,80.2614285714,17.4,22,16
1995-06-11,25.080952380966664,24.449642857250023,80.8657142857,17.3,23,8
1995-06-18,26.057142857133325,23.746071428500013,81.4471428571,20.33,24,7
1995-06-25,27.62857142856667,23.25285714275003,80.7271428571,86.8,25,10
1995-07-02,26.852380952366662,24.82285714300004,84.3457142857,16.57,26,14
1995-07-09,26.376190476199998,25.19000000000001,79.1371428571,35.24,27,7
1995-07-16,28.147619047633327,25.148571428750035,81.34,13.7,28,9
1995-07-23,28.3238095238,25.462142857000032,79.38,9.22,29,11
1995-07-30,26.57142857143333,25.773928571500026,75.0657142857,60.59,30,23
1995-08-06,27.042857142866662,24.90392857150003,81.96,38.3,31,17
1995-08-13,28.1,25.73035714300002,81.09,62.31,32,19
1995-08-20,27.066666666666666,26.160357143000013,85.08857142859999,102.4,33,24
1995-08-27,27.790476190466666,26.55535714275001,84.3757142857,40.3,34,17
1995-09-03,28.84761904763333,26.58821428575003,80.3971428571,17.7,35,28
1995-09-10,29.171428571433328,26.106785714250027,82.6257142857,96.1,36,40
1995-09-17,29.6857142857,26.612500000000026,83.49142857140001,55.21,37,33
1995-09-24,29.3619047619,26.383214285750032,82.2257142857,8.6,38,31
1995-10-01,29.376190476199998,26.35250000000002,78.1457142857,122.7,39,33
1995-10-08,28.5857142857,26.30535714300004,82.91142857140001,82.5,40,29
1995-10-15,28.83333333333333,26.80607142850002,83.3142857143,11.6,41,30
1995-10-22,28.73333333333333,26.060000000000034,81.8542857143,74.5,42,36
1995-10-29,30.0238095238,26.331071428500024,83.13571428569999,53.98,43,48
1995-11-05,28.342857142866663,26.928214285750016,84.2071428571,40.8,44,40
1995-11-12,28.57142857143333,26.24035714275001,80.66428571430001,46.4,45,28
1995-11-19,29.290476190466666,26.307857142750038,83.2142857143,40.4,46,36
1995-11-26,29.59047619046667,26.206785714250017,80.86428571430001,32.4,47,19
1995-12-03,30.0619047619,25.73535714275002,79.4042857143,9.9,48,34
1995-12-10,29.985714285700002,25.743571428500037,77.6385714286,12.7,49,23
1995-12-17,28.052380952366672,25.73892857125003,78.1414285714,13.69,50,17
1995-12-24,28.328571428566665,25.644642857000022,80.6771428571,12.8,51,17
1996-01-01,28.34761904763333,25.93571428575004,76.3328571429,23.6,1,23
1996-01-08,27.657142857133326,25.079285714250034,79.9857142857,40.3,2,14
1996-01-15,28.4142857143,25.52321428575001,77.6371428571,57.0,3,20
1996-01-22,27.409523809533333,25.22892857150001,84.13571428569999,9.32,4,13
1996-01-29,27.019047619033326,25.522500000000022,79.3214285714,50.3,5,23
1996-02-05,27.4380952381,24.92214285700004,82.5157142857,44.85,6,20
1996-02-12,27.766666666666666,24.57321428550001,80.4771428571,28.6,7,16
1996-02-19,26.77142857143333,24.041428571250023,75.6928571429,11.9,8,16
1996-02-26,26.471428571433336,23.688214285750018,74.9614285714,15.45,9,23
1996-03-04,25.97142857143333,24.472500000000025,79.66428571430001,16.7,10,14
1996-03-11,25.0619047619,23.801071428500013,77.7828571429,15.67,11,15
1996-03-18,26.352380952366673,23.606428571500015,79.19857142859999,3.2,12,4
1996-03-25,26.257142857133328,22.317142857250037,73.06,8.6,13,5
1996-04-01,25.5619047619,23.097142857000023,76.4828571429,28.0,14,5
1996-04-08,24.361904761900007,23.443928571500024,80.6471428571,2.8,15,11
1996-04-15,25.219047619033336,23.77035714300003,73.4257142857,28.8,16,11
1996-04-22,25.8380952381,23.582500000000024,79.02,27.9,17,7
1996-04-29,26.257142857133328,22.980357143000035,79.77571428569999,24.22,18,4
1996-05-06,25.352380952366662,23.862500000000008,78.3114285714,10.9,19,6
1996-05-13,25.59047619046667,23.61571428575003,74.1714285714,21.5,20,5
1996-05-20,26.34761904763333,23.94321428575003,76.3942857143,11.1,21,2
1996-05-27,26.86666666666667,23.407857142750014,74.7928571429,68.2,22,4
1996-06-03,26.4,24.250357143000016,82.84,17.9,23,2
1996-06-10,26.242857142866672,23.86321428575002,82.78,21.71,24,4
1996-06-17,26.709523809533334,24.077857143000017,82.7514285714,24.38,25,6
1996-06-24,26.476190476200003,23.83642857150004,82.36857142859999,43.3,26,6
1996-07-01,26.10952380953333,23.43142857150001,82.2357142857,73.7,27,4
1996-07-08,26.07142857143333,23.93678571425002,83.3228571429,22.5,28,6
1996-07-15,25.514285714299998,24.90642857150001,80.9071428571,23.9,29,11
1996-07-22,25.8142857143,25.59464285700001,80.0614285714,35.23,30,16
1996-07-29,26.70952380953333,25.49000000000001,81.83571428569999,123.2,31,9
1996-08-05,28.238095238099998,24.92035714300003,84.3228571429,15.8,32,12
1996-08-12,27.971428571433336,24.806428571500035,79.19857142859999,39.1,33,13
1996-08-19,27.1142857143,25.62142857125004,81.91,67.71,34,27
1996-08-26,26.6142857143,25.45392857125003,85.01,29.2,35,21
1996-09-02,27.928571428566666,25.843928571250014,80.9357142857,68.7,36,19
1996-09-09,28.180952380966673,25.260714285750023,84.3442857143,33.7,37,17
1996-09-16,28.0380952381,25.727142857000032,79.2728571429,21.95,38,24
1996-09-23,27.423809523800006,25.43107142850002,81.54,89.24,39,27
1996-09-30,27.504761904766674,25.336428571500026,81.9857142857,151.7,40,30
1996-10-07,27.0238095238,25.75750000000004,85.69,19.32,41,29
1996-10-14,27.557142857133325,25.20321428575004,82.6385714286,27.2,42,25
1996-10-21,27.504761904766674,25.93285714300001,79.1771428571,23.54,43,35
1996-10-28,26.895238095233324,26.646071428500022,81.26,23.7,44,33
1996-11-04,28.319047619033327,25.738928571500026,79.9571428571,7.1,45,30
1996-11-11,28.3619047619,25.66571428575003,80.7342857143,65.2,46,29
1996-11-18,28.014285714299998,26.55321428575003,81.13,59.22,47,31
1996-11-25,27.180952380966673,26.127142857250018,84.1114285714,219.9,48,29
1996-12-02,28.190476190466665,26.05571428575003,83.64,113.55,49,22
1996-12-09,27.471428571433336,25.813214285750018,83.3971428571,49.0,50,27
1996-12-16,27.428571428566666,26.31535714275003,86.07142857139999,20.57,51,24
1996-12-23,27.5238095238,25.59285714275002,75.2928571429,3.8,52,26
1997-01-01,29.1142857143,25.45714285725002,73.2528571429,40.7,1,29
1997-01-08,26.6142857143,24.352857143000026,79.3728571429,3.93,2,22
1997-01-15,26.714285714299997,24.65392857150003,71.0628571429,3.24,3,33
1997-01-22,26.119047619033328,24.591071428500033,75.6785714286,24.14,4,24
1997-01-29,25.8238095238,23.32107142850002,80.3,7.79,5,30
1997-02-05,25.57142857143333,23.422500000000035,74.94,23.5,6,20
1997-02-12,25.004761904766674,22.88071428575003,80.0928571429,81.3,7,17
1997-02-19,25.133333333333336,22.338928571250023,82.3885714286,14.3,8,24
1997-02-26,24.985714285700002,25.32285714275004,75.0757142857,50.58,9,28
1997-03-05,23.904761904766666,23.236785714500044,80.9471428571,15.14,10,18
1997-03-12,26.6761904762,23.316428571500026,76.7128571429,15.1,11,13
1997-03-19,24.5238095238,23.693214285750003,74.63142857140001,9.5,12,9
1997-03-26,24.228571428566667,22.968571428500013,74.2557142857,14.3,13,14
1997-04-02,24.96666666666667,23.036428571500025,75.3728571429,17.92,14,11
1997-04-09,24.6761904762,23.16428571425003,76.9042857143,7.0,15,11
1997-04-16,23.633333333333336,23.402142857000012,74.11857142859999,5.9,16,19
1997-04-23,24.490476190466666,22.909285714250032,74.2057142857,18.73,17,10
1997-04-30,24.695238095233325,22.90071428575003,74.85,7.5,18,8
1997-05-07,24.457142857133327,23.033571428750037,71.55857142859999,16.2,19,8
1997-05-14,24.490476190466666,23.08642857150004,75.4171428571,4.0,20,9
1997-05-21,24.419047619033336,23.545000000000034,76.9528571429,1.5,21,3
1997-05-28,24.9142857143,23.317142857250005,75.8785714286,27.3,22,7
1997-06-04,25.671428571433328,22.709642857250014,78.5371428571,10.1,23,14
1997-06-11,25.028571428566664,22.738214285750036,75.9828571429,10.5,24,4
1997-06-18,26.05238095236666,24.680000000000017,78.7114285714,41.7,25,9
1997-06-25,25.866666666666664,24.956071428500024,83.4857142857,9.9,26,14
1997-07-02,27.7238095238,25.094285714250034,79.7457142857,7.8,27,7
1997-07-09,28.157142857133326,24.887142857250023,79.36428571430001,23.4,28,9
1997-07-16,28.376190476199998,25.05071428550002,80.2457142857,24.3,29,3
1997-07-23,27.5238095238,25.261071428500014,78.6385714286,21.3,30,3
1997-07-30,27.895238095233324,25.218571428750025,78.62,35.4,31,14
1997-08-06,27.27142857143333,26.018928571250008,80.9171428571,73.74,32,12
1997-08-13,27.423809523800003,26.194642857000037,82.1328571429,33.6,33,10
1997-08-20,28.43333333333333,26.04178571425001,79.4542857143,28.6,34,21
1997-08-27,28.938095238099994,26.133571428750013,81.1042857143,42.79,35,26
1997-09-03,28.45238095236667,26.401071428750008,82.3928571429,45.7,36,47
1997-09-10,28.3380952381,26.076428571250034,83.28,35.9,37,42
1997-09-17,28.938095238099994,26.21535714300002,81.1428571429,35.9,38,31
1997-09-24,28.60476190476666,25.983214285750023,82.22,46.4,39,34
1997-10-01,27.63333333333333,26.18250000000002,83.16428571430001,36.89,40,33
1997-10-08,27.442857142866675,25.95321428575001,81.80857142859999,39.6,41,52
1997-10-15,28.6142857143,25.955000000000034,78.78,39.0,42,56
1997-10-22,28.328571428566665,26.417500000000032,84.4371428571,26.0,43,70
1997-10-29,28.3380952381,26.210714285750033,80.08428571430001,182.0,44,112
1997-11-05,27.6619047619,26.71571428575002,83.5757142857,27.34,45,70
1997-11-12,28.842857142866663,26.982500000000034,82.2342857143,7.27,46,47
1997-11-19,28.719047619033326,26.20142857150003,77.5328571429,9.5,47,48
1997-11-26,29.43333333333333,26.525357143000026,77.3071428571,9.0,48,49
1997-12-03,28.16666666666667,26.612857142750016,77.1628571429,40.5,49,66
1997-12-10,27.1619047619,25.953571428750024,82.7657142857,42.9,50,56
1997-12-17,28.366666666666664,25.503214285750015,82.27,14.7,51,61
1997-12-24,27.0857142857,26.070714285500017,79.3957142857,0.3,52,67
1998-01-01,28.133333333333336,25.90678571425002,74.2814285714,3.9,1,64
1998-01-08,28.528571428566664,25.733214285750023,74.7957142857,16.3,2,68
1998-01-29,27.442857142866675,25.482857143000015,79.63142857140001,53.2,5,56
1998-02-05,27.25238095236667,25.87142857150002,84.69428571430001,8.4,6,75
1998-02-12,27.2238095238,25.383571428750034,78.1828571429,16.3,7,63
1998-02-19,26.8857142857,25.316428571250032,76.2614285714,8.6,8,62
1998-03-05,26.87142857143333,24.78928571425001,81.6128571429,3.1,10,50
1998-03-12,26.9119047619,24.11642857150001,70.7014285714,1.1,11,34
1998-03-19,26.95238095236667,24.480357142750023,75.0157142857,10.3,12,31
1998-03-26,24.9619047619,24.47107142850002,77.9242857143,42.78,13,38
1998-04-02,25.37142857143333,24.462500000000034,80.7785714286,0.6,14,30
1998-04-09,26.6142857143,25.246785714500035,72.6428571429,21.0,15,32
1998-04-16,26.4619047619,23.32285714275001,76.6757142857,41.2,16,26
1998-04-23,27.419047619033336,24.70178571425004,81.4057142857,19.0,17,30
1998-04-30,24.4380952381,23.663928571500026,80.19,23.9,18,36
1998-05-07,26.157142857133326,24.318928571500024,81.1457142857,24.3,19,35
1998-05-14,26.304761904766675,23.770714285750003,77.7128571429,11.7,20,46
1998-05-21,26.37142857143333,24.30035714300001,80.0728571429,17.6,21,48
1998-05-28,24.795238095233326,24.41821428575004,77.3314285714,10.3,22,44
1998-06-04,26.50952380953333,23.971785714250018,78.4014285714,53.7,23,51
1998-06-11,26.37142857143333,24.510714285750023,84.0714285714,59.4,24,59
1998-06-18,26.476190476200003,23.669642857250015,84.63571428569999,35.8,25,71
1998-06-25,27.6761904762,25.625000000000032,82.46,20.7,26,102
1998-07-02,25.566666666666666,25.090000000000014,82.30571428569999,15.4,27,128
1998-07-09,26.923809523800003,25.302500000000023,78.53,71.33,28,127
1998-07-16,26.695238095233336,26.29678571425002,84.02571428569999,33.31,29,150
1998-07-23,27.74761904763333,26.240714285750016,80.08571428569999,45.31,30,191
1998-07-30,28.5380952381,25.717500000000033,81.29,30.86,31,256
1998-08-06,27.8238095238,26.87714285700002,78.99,93.68,32,329
1998-08-13,27.985714285700002,26.563214285750018,82.2128571429,107.87,33,263
1998-08-20,28.376190476199998,26.235000000000035,83.7428571429,27.7,34,220
1998-08-27,28.266666666666666,26.635714285750012,81.2171428571,55.9,35,204
1998-09-03,28.104761904766665,26.544285714250027,82.8,63.2,36,181
1998-09-10,28.604761904766665,26.23142857150003,84.2028571429,98.3,37,99
1998-09-17,27.995238095233326,26.00642857150001,83.45,52.5,38,54
1998-09-24,28.528571428566664,26.25000000000001,82.1928571429,73.6,39,80
1998-10-01,27.719047619033326,26.747500000000034,84.0028571429,33.83,40,102
1998-10-08,27.957142857133327,26.881428571500024,82.3328571429,55.8,41,127
1998-10-15,28.352380952366662,26.78357142850002,83.3314285714,124.4,42,73
1998-10-22,28.757142857133328,26.767500000000034,78.7828571429,28.3,43,68
1998-10-29,29.004761904766674,26.803928571500023,79.9985714286,18.5,44,64
1998-11-05,28.4142857143,26.35178571425003,78.0985714286,36.5,45,55
1998-11-12,28.485714285700002,26.765714285750022,82.0385714286,92.4,46,67
1998-11-19,28.309523809533328,26.372500000000034,83.8657142857,89.5,47,84
1998-11-26,29.1761904762,26.483928571500016,85.12,36.1,48,85
1998-12-03,28.123809523800002,26.708571428500015,80.91428571430001,143.4,49,67
1998-12-10,28.204761904766663,26.752142857250014,86.2142857143,57.1,50,73
1998-12-17,28.119047619033328,26.31178571425002,80.02142857140001,115.77,51,89
1998-12-24,27.5857142857,25.978928571500035,83.0242857143,158.72,52,68
1999-01-01,28.652380952366663,26.04892857150001,85.9114285714,10.2,53,59
1999-01-08,27.9380952381,26.030714285750012,78.6685714286,12.8,1,56
1999-01-29,26.876190476199998,24.443571428500015,80.5971428571,12.6,4,47
1999-02-05,26.45238095236667,24.48357142850004,76.9542857143,20.62,5,50
1999-02-12,25.74761904763333,24.99392857150002,81.31,40.75,6,42
1999-02-19,25.8380952381,25.324642857250012,79.6714285714,14.9,7,28
1999-03-05,26.042857142866662,24.799285714250022,68.6414285714,18.64,9,37
1999-03-12,25.8,24.375714285750018,76.2457142857,8.7,10,27
1999-03-19,25.557142857133325,23.942500000000024,72.2514285714,8.3,11,12
1999-03-26,24.457142857133327,23.361071428500022,77.4271428571,0.4,12,15
1999-04-02,25.3619047619,22.23214285725002,71.69142857140001,5.5,13,22
1999-04-09,24.761904761900002,22.20535714300001,74.80428571430001,3.1,14,8
1999-04-16,23.790476190466666,23.062142857250024,73.94,8.9,15,15
1999-04-23,23.0,21.84321428575004,78.91,16.2,16,17
1999-04-30,24.376190476199998,23.313571428500012,75.3885714286,12.76,17,10
1999-05-07,23.947619047633328,23.351071428500013,73.6414285714,2.0,18,9
1999-05-14,25.0,23.376785714250037,75.39,5.35,19,11
1999-05-21,24.985714285700002,23.91321428575003,74.7985714286,13.3,20,20
1999-05-28,25.528571428566664,24.14642857150004,78.6828571429,14.28,21,13
1999-06-04,25.790476190466666,23.612142857250017,76.30857142859999,22.1,22,11
1999-06-11,26.014285714299998,23.371785714250013,76.5985714286,18.64,23,16
1999-06-18,25.37142857143333,24.819642857000016,79.7171428571,6.6,24,11
1999-06-25,25.495238095233326,24.70928571425001,77.3714285714,24.8,25,7
1999-07-02,27.304761904766675,25.51178571425001,80.7542857143,30.1,26,17
1999-07-09,26.861904761900007,24.817857143000012,79.75,81.61,27,14
1999-07-16,28.10952380953333,25.511071428750032,83.9614285714,25.74,28,13
1999-07-23,27.152380952366663,26.166785714250025,81.25,55.1,29,15
1999-07-30,28.142857142866664,26.330714285750002,80.7985714286,58.2,30,30
1999-08-06,28.695238095233325,26.038928571500026,81.8471428571,66.52,31,25
1999-08-13,28.5380952381,26.322857142750024,83.9185714286,32.44,32,40
1999-08-20,28.204761904766663,25.670714285750023,80.9685714286,29.35,33,44
1999-08-27,27.766666666666666,26.217857143000018,81.6728571429,61.7,34,25
1999-09-03,27.0380952381,25.506071428500018,82.6457142857,46.2,35,21
1999-09-10,28.380952380966665,25.87107142850003,81.3871428571,61.8,36,48
1999-09-17,27.1,26.127857142750017,81.9985714286,25.74,37,56
1999-09-24,27.790476190466666,26.13464285700003,81.0028571429,40.7,38,60
1999-10-01,26.5,26.636428571500034,79.9657142857,34.13,39,45
1999-10-08,28.266666666666666,26.27821428575002,79.6971428571,30.4,40,55
1999-10-15,27.990476190466666,26.471071428500014,79.39,64.72,41,32
1999-10-22,27.895238095233324,26.496785714250027,79.8371428571,22.37,42,46
1999-10-29,28.357142857133326,26.638571428750023,79.6742857143,41.31,43,61
1999-11-05,28.55238095236666,26.596428571250033,79.16,40.8,44,42
1999-11-12,28.295238095233326,27.036428571250035,82.6571428571,138.1,45,37
1999-11-19,28.33333333333333,26.443571428500018,85.3771428571,24.52,46,43
1999-11-26,28.904761904766666,26.81714285700004,81.6285714286,53.27,47,34
1999-12-03,28.352380952366662,26.388571428500033,81.4885714286,104.51,48,40
1999-12-10,29.004761904766674,25.82464285700001,85.4042857143,140.2,49,25
1999-12-17,28.03333333333333,26.13642857150002,86.4057142857,8.7,50,16
1999-12-24,27.190476190466672,26.233571428500014,78.6828571429,107.84,51,17
2000-01-01,27.25238095236667,25.972857142750016,81.86428571430001,8.78,52,17
2000-01-08,27.7238095238,25.393928571250008,72.6528571429,14.5,1,16
2000-01-15,27.84761904763333,25.499642857250024,76.4971428571,12.34,2,23
2000-01-22,27.12857142856667,25.079642857250022,76.3171428571,32.3,3,18
2000-01-29,26.704761904766663,24.689642857250018,79.6071428571,47.1,4,18
2000-02-05,27.2,23.451785714250025,77.3428571429,14.7,5,9
2000-02-12,25.933333333333334,22.99035714275001,70.4571428571,0.7,6,7
2000-02-19,25.1761904762,23.31178571425002,67.7657142857,2.02,7,7
2000-02-26,24.6142857143,24.088571428500032,74.0628571429,2.6,8,4
2000-03-04,24.780952380966674,24.07607142875001,76.5028571429,3.1,9,3
2000-03-11,25.3238095238,23.30821428550001,76.1171428571,13.41,10,2
2000-03-18,25.409523809533333,21.76035714300002,74.0642857143,14.91,11,8
2000-03-25,25.0380952381,21.25285714275003,75.7214285714,1.1,12,3
2000-04-01,23.604761904766665,23.351428571250025,66.7357142857,3.29,13,1
2000-04-08,22.980952380966663,23.636428571500005,72.1428571429,6.8,14,1
2000-04-15,25.257142857133328,23.648928571500026,71.39,5.14,15,2
2000-04-22,25.1761904762,22.71571428575002,71.3514285714,17.9,16,3
2000-04-29,25.433333333333334,22.326428571500017,77.7857142857,5.3,17,3
2000-05-06,24.557142857133325,21.68642857150003,75.8428571429,14.9,18,2
2000-05-13,24.642857142866674,21.778571428750027,74.7542857143,5.0,19,0
2000-05-20,24.266666666666666,22.192500000000024,78.2442857143,3.4,20,0
2000-05-27,25.0238095238,21.86571428575003,76.2142857143,16.35,21,2
2000-06-03,24.53333333333333,23.737500000000026,78.3371428571,10.06,22,2
2000-06-10,24.43333333333333,23.03500000000001,77.7128571429,13.8,23,0
2000-06-17,25.9619047619,23.438214285750018,79.1971428571,17.1,24,6
2000-06-24,25.7238095238,24.22428571425003,78.5371428571,10.95,25,3
2000-07-01,25.26666666666667,24.39678571450003,79.05142857140001,21.3,26,6
2000-07-08,27.10952380953333,24.24607142850003,75.7485714286,30.64,27,2
2000-07-15,27.014285714299998,24.681428571250024,80.8457142857,19.02,28,3
2000-07-22,26.480952380966663,24.811071428750008,77.6171428571,12.7,29,2
2000-07-29,26.633333333333336,25.22678571425001,77.6814285714,16.7,30,4
2000-08-05,26.904761904766673,25.52285714275001,78.1257142857,23.18,31,5
2000-08-12,27.6857142857,25.530357143000003,78.6042857143,19.7,32,2
2000-08-19,27.619047619033328,25.510714285750012,79.00857142859999,33.7,33,9
2000-08-26,28.028571428566664,25.36857142850002,80.7514285714,60.66,34,2
2000-09-02,27.476190476200003,25.947500000000034,82.02142857140001,27.72,35,4
2000-09-09,27.590476190466667,25.90035714300001,79.5071428571,29.66,36,8
2000-09-16,27.8238095238,26.035714285750032,79.55857142859999,87.78,37,6
2000-09-23,28.290476190466666,25.84250000000001,82.6757142857,22.0,38,3
2000-09-30,28.20952380953333,25.986428571250034,80.6785714286,18.79,39,11
2000-10-07,28.342857142866663,25.997142857000032,78.94857142859999,56.4,40,14
2000-10-14,28.104761904766665,26.491071428750033,79.58428571430001,42.8,41,15
2000-10-21,27.957142857133327,26.541785714500023,82.2828571429,35.3,42,20
2000-10-28,28.438095238099994,26.198928571500005,82.58571428569999,15.4,43,9
2000-11-04,28.476190476200003,26.402142857000033,76.3714285714,11.22,44,20
2000-11-11,26.6619047619,26.70142857125002,78.1814285714,15.3,45,28
2000-11-18,27.8619047619,26.390357142750034,77.4428571429,20.3,46,38
2000-11-25,28.095238095233327,26.044285714250027,80.0071428571,28.8,47,30
2000-12-02,27.785714285700003,26.36928571425004,72.6842857143,2.1,48,30
2000-12-09,27.50952380953333,26.052142857000018,70.9771428571,7.18,49,23
2000-12-16,28.157142857133326,26.246428571500033,72.9257142857,24.8,50,16
2000-12-23,27.966666666666665,25.936071428750022,77.6485714286,6.8,51,22
2001-01-01,28.419047619033336,26.24035714275001,77.3571428571,3.99,1,28
2001-01-08,27.180952380966673,24.47500000000001,72.2614285714,37.39,2,14
2001-01-15,27.680952380966673,24.40892857150003,76.52571428569999,1.3,3,17
2001-01-22,26.057142857133325,25.27000000000004,76.5057142857,1.0,4,20
2001-01-29,26.1761904762,25.40178571450004,74.33571428569999,1.1,5,17
2001-02-05,26.757142857133328,25.476428571500026,71.94142857140001,10.24,6,10
2001-02-12,26.16666666666667,24.83785714275001,75.38,32.36,7,13
2001-02-19,26.904761904766673,24.303571428500014,79.0314285714,11.2,8,20
2001-02-26,26.238095238099998,24.177857142750028,74.3442857143,22.28,9,9
2001-03-05,25.328571428566665,24.22642857150004,75.8514285714,3.02,10,18
2001-03-12,25.242857142866665,23.45857142875002,73.0728571429,25.89,11,9
2001-03-19,25.671428571433328,23.818928571500024,76.9071428571,0.5,12,8
2001-03-26,25.0238095238,23.90642857150001,73.3871428571,10.5,13,19
2001-04-02,24.985714285700002,23.51464285700003,76.2471428571,1.69,14,11
2001-04-09,25.647619047633338,23.727857142750025,72.4428571429,21.55,15,4
2001-04-16,25.16666666666667,23.57142857150002,80.83571428569999,3.45,16,6
2001-04-23,25.280952380966664,22.96714285725002,74.43,23.5,17,6
2001-04-30,24.352380952366662,22.922500000000035,77.0228571429,3.59,18,8
2001-05-07,24.9380952381,24.29642857150003,72.64,22.36,19,13
2001-05-14,25.266666666666666,23.979642857250013,76.5814285714,9.03,20,8
2001-05-21,26.866666666666664,23.89000000000001,75.7142857143,16.8,21,8
2001-05-28,26.20952380953333,24.613571428500013,78.5671428571,78.1,22,5
2001-06-04,26.647619047633338,23.849642857250014,82.35,2.0,23,16
2001-06-11,27.1619047619,23.83750000000002,76.07,8.1,24,12
2001-06-18,26.190476190466672,24.60821428550001,78.1514285714,5.85,25,11
2001-06-25,27.03333333333333,23.966785714250026,77.1628571429,7.0,26,18
2001-07-02,27.766666666666666,25.396071428750005,76.4257142857,7.02,27,10
2001-07-09,26.6857142857,25.347500000000025,75.4614285714,13.37,28,22
2001-07-16,27.495238095233326,25.62428571425002,77.6171428571,28.1,29,14
2001-07-23,28.152380952366663,25.705714285500026,79.5785714286,13.5,30,16
2001-07-30,28.6761904762,25.67821428575003,77.5828571429,18.3,31,18
2001-08-06,28.757142857133328,26.128214285750037,77.5871428571,21.24,32,27
2001-08-13,28.257142857133328,25.481428571500015,78.0614285714,50.34,33,38
2001-08-20,28.77142857143333,26.39714285725003,78.67,32.62,34,35
2001-08-27,27.7761904762,26.140357142750034,79.7128571429,50.46,35,41
2001-09-03,28.60952380953333,26.247857143000022,82.0871428571,62.4,36,51
2001-09-10,28.476190476200003,26.264285714250025,81.0757142857,44.3,37,65
2001-09-17,27.980952380966663,26.47821428575003,77.3471428571,23.4,38,55
2001-09-24,27.904761904766666,26.36571428575003,78.8271428571,14.7,39,54
2001-10-01,28.795238095233326,26.703214285750022,77.41,12.9,40,62
2001-10-08,27.852380952366673,26.805714285750014,77.2357142857,19.69,41,64
2001-10-15,28.00952380953333,26.62964285700001,77.55571428569999,16.4,42,56
2001-10-22,28.8142857143,26.590000000000014,77.63,42.3,43,65
2001-10-29,29.123809523800002,26.74535714275001,78.8914285714,53.0,44,71
2001-11-05,28.123809523799995,26.464642857250034,79.27,25.68,45,75
2001-11-12,27.8,26.84250000000001,80.13142857140001,21.91,46,71
2001-11-19,28.157142857133326,26.59392857150003,80.27,17.86,47,72
2001-11-26,28.428571428566666,27.128214285750037,75.4242857143,133.93,48,47
2001-12-03,28.2238095238,26.71178571425003,81.0814285714,18.9,49,27
2001-12-10,29.342857142866663,26.080714285750016,79.8614285714,7.81,50,35
2001-12-17,28.53333333333333,26.197142857250014,74.3442857143,13.2,51,25
2001-12-24,27.285714285700003,26.194642857000037,74.0385714286,33.78,52,19
2002-01-01,27.638095238100004,25.671785714250035,82.1671428571,100.6,1,37
2002-01-08,27.8142857143,25.798928571500028,84.01,35.2,2,38
2002-01-15,26.309523809533328,25.52642857150002,85.5142857143,2.5,3,34
2002-01-22,27.3619047619,24.81535714275003,76.4342857143,13.8,4,26
2002-01-29,26.809523809533328,23.695357143000027,80.5728571429,1.21,5,19
2002-02-05,26.180952380966662,25.103928571500035,76.7342857143,12.44,6,18
2002-02-12,25.6619047619,24.53571428550002,78.0785714286,10.8,7,22
2002-02-19,26.171428571433328,24.856071428500034,76.92,24.0,8,16
2002-02-26,25.93333333333333,24.60928571425002,76.7228571429,3.6,9,18
2002-03-05,26.157142857133326,24.623571428500032,75.5771428571,3.9,10,6
2002-03-12,25.376190476199998,24.224285714250016,75.9328571429,12.8,11,12
2002-03-19,25.519047619033326,24.23214285725002,73.1471428571,7.8,12,6
2002-03-26,25.2761904762,23.96178571425003,74.4271428571,11.8,13,6
2002-04-02,26.3380952381,23.59178571425004,76.1685714286,0.6,14,3
2002-04-09,25.5857142857,23.51357142875001,74.9171428571,2.2,15,7
2002-04-16,24.8238095238,23.93678571425002,75.2157142857,17.8,16,6
2002-04-23,25.138095238100004,22.99142857150001,78.5657142857,55.1,17,1
2002-04-30,26.195238095233325,22.535714285750004,81.1414285714,22.4,18,3
2002-05-07,25.433333333333334,23.393571428500024,73.84,31.0,19,2
2002-05-14,24.985714285700002,23.500714285750018,83.6571428571,18.0,20,2
2002-05-21,26.014285714299998,24.079642857250022,81.7028571429,11.0,21,1
2002-05-28,25.4619047619,24.25857142850002,78.6071428571,9.3,22,10
2002-06-04,27.25238095236666,24.388571428500015,76.0871428571,5.5,23,3
2002-06-11,26.1761904762,22.70142857125002,76.9014285714,8.2,24,3
2002-06-18,27.37142857143333,24.395000000000024,77.0928571429,15.65,25,1
2002-06-25,25.719047619033326,24.524642857000018,81.8514285714,17.55,26,1
2002-07-02,26.0,24.753571428500024,81.0428571429,15.73,27,2
2002-07-09,26.41904761903333,24.658928571250016,79.73,24.1,28,6
2002-07-16,26.4142857143,25.46035714275003,79.50857142859999,10.8,29,3
2002-07-23,25.947619047633328,25.658214285750013,77.19857142859999,11.65,30,3
2002-07-30,27.57142857143333,25.70428571425002,78.7471428571,10.3,31,5
2002-08-06,28.090476190466667,25.90642857150003,78.3114285714,7.09,32,4
2002-08-13,28.34761904763333,26.154642857000013,75.8671428571,47.12,33,7
2002-08-20,28.719047619033326,25.76142857150002,81.6228571429,9.36,34,6
2002-08-27,28.576190476199997,26.168571428499998,77.7885714286,23.78,35,5
2002-09-03,27.3619047619,25.887500000000035,78.94428571430001,39.62,36,7
2002-09-10,28.34761904763333,26.340000000000032,79.0942857143,15.0,37,6
2002-09-17,27.8857142857,26.29000000000002,76.1885714286,46.4,38,4
2002-09-24,28.328571428566665,26.62964285700001,78.6071428571,10.9,39,4
2002-10-01,28.10952380953333,26.61142857150001,76.6785714286,27.5,40,7
2002-10-08,28.5619047619,26.847500000000025,78.4885714286,13.4,41,9
2002-10-15,28.557142857133325,26.668571428500034,77.8514285714,20.0,42,5
2002-10-22,28.647619047633327,26.819642857000016,79.2814285714,25.5,43,5
2002-10-29,28.03333333333333,26.625000000000032,78.80857142859999,23.5,44,10
2002-11-05,28.4142857143,27.036428571500025,78.94857142859999,27.0,45,6
2002-11-12,27.33333333333333,27.065714285750015,79.2171428571,34.7,46,13
2002-11-19,29.319047619033327,26.680000000000017,77.62,9.5,47,6
2002-11-26,28.41904761903333,27.07250000000002,76.1671428571,7.6,48,5
2002-12-03,28.3,26.405714285750022,73.7814285714,32.3,49,5
2002-12-10,27.957142857133327,26.36214285725004,78.6057142857,22.77,50,9
2002-12-17,27.84761904763333,26.421071428750025,78.9628571429,5.9,51,3
2002-12-24,27.680952380966673,26.23964285725002,74.3728571429,7.45,52,6
2003-01-01,28.395238095233324,26.248214285750013,74.5171428571,8.3,1,11
2003-01-08,27.514285714299998,26.098214285750018,74.9428571429,19.7,2,7
2003-01-15,27.261904761900002,25.90642857150001,79.4828571429,20.5,3,7
2003-01-22,27.07142857143333,25.91035714300003,80.30857142859999,36.6,4,15
2003-01-29,27.57142857143333,25.693928571500024,78.6714285714,2.5,5,9
2003-02-05,26.9619047619,25.492857143000027,75.7028571429,3.6,6,6
2003-02-12,26.409523809533333,25.06392857150003,75.0157142857,32.3,7,6
2003-02-19,25.923809523800003,24.661071428750034,79.5171428571,18.4,8,6
2003-02-26,26.076190476199997,23.98071428550001,78.8414285714,33.6,9,7
2003-03-05,25.766666666666666,24.53000000000001,79.72428571430001,9.7,10,10
2003-03-12,25.019047619033326,24.394642857000022,75.0771428571,7.2,11,8
2003-03-19,25.519047619033326,24.77785714300002,74.7342857143,0.5,12,7
2003-03-26,25.809523809533328,24.354642857000016,72.69,2.7,13,12
2003-04-02,25.795238095233326,24.292142857000016,74.6085714286,1.8,14,3
2003-04-09,25.50952380953333,24.236785714250036,72.13571428569999,7.3,15,2
2003-04-16,25.23333333333333,24.601428571500012,74.3257142857,7.5,16,7
2003-04-23,25.5,24.356071428500034,76.1342857143,43.64,17,5
2003-04-30,25.595238095233334,24.302857143,79.63571428569999,23.5,18,5
2003-05-07,25.576190476199997,24.628214285750015,80.24142857140001,111.7,19,7
2003-05-14,25.095238095233334,24.491428571250008,83.7514285714,15.2,20,7
2003-05-21,26.447619047633328,24.463571428500014,80.0714285714,1.5,21,7
2003-05-28,26.419047619033336,24.83285714275001,74.80857142859999,7.7,22,7
2003-06-04,27.309523809533328,24.36821428575003,74.23,13.76,23,10
2003-06-11,27.4,24.802500000000038,76.7042857143,28.3,24,13
2003-06-18,27.133333333333336,24.757142857250013,81.2914285714,1.6,25,10
2003-06-25,26.9761904762,25.283214285750038,76.33428571430001,20.1,26,14
2003-07-02,25.519047619033326,25.77964285725002,77.1414285714,21.81,27,11
2003-07-09,27.476190476200003,25.194642857000016,77.7314285714,18.4,28,20
2003-07-16,27.9142857143,25.429642857000037,80.98,5.8,29,25
2003-07-23,26.93333333333333,25.431428571500035,78.9285714286,44.04,30,17
2003-07-30,26.985714285700002,25.911785714250016,79.6585714286,21.9,31,18
2003-08-06,27.5857142857,25.487500000000026,79.7442857143,13.4,32,25
2003-08-13,27.657142857133326,25.60428571425001,77.8,46.9,33,21
2003-08-20,27.1,26.016071428500013,82.6014285714,22.5,34,31
2003-08-27,27.3238095238,26.129642857250005,80.84,29.1,35,32
2003-09-03,28.20952380953333,25.83178571425005,79.7885714286,31.0,36,26
2003-09-10,28.6142857143,25.992500000000017,78.2542857143,50.86,37,35
2003-09-17,27.880952380966665,26.248571428500014,80.7971428571,63.0,38,28
2003-09-24,26.957142857133327,26.28107142850003,82.7842857143,12.5,39,37
2003-10-01,28.080952380966664,26.36750000000003,79.7042857143,13.9,40,41
2003-10-08,27.990476190466666,26.47571428575003,77.3671428571,26.59,41,34
2003-10-15,28.257142857133328,26.621428571250018,80.53,11.0,42,30
2003-10-22,28.1761904762,26.654285714500016,79.3557142857,6.3,43,39
2003-10-29,28.080952380966664,26.71250000000001,76.4357142857,97.7,44,39
2003-11-05,27.6380952381,27.043928571500015,80.25,10.7,45,39
2003-11-12,27.92857142856667,27.10464285725003,77.5314285714,17.08,46,34
2003-11-19,29.376190476199998,26.82785714275002,77.5614285714,35.9,47,30
2003-11-26,29.423809523800003,27.215357142750026,78.08,92.1,48,37
2003-12-03,28.04761904763333,26.779285714250026,81.8257142857,181.74,49,29
2003-12-10,28.600000000000005,26.554642857250013,87.5757142857,38.7,50,26
2003-12-17,28.066666666666666,26.795000000000016,83.41,10.26,51,15
2003-12-24,27.376190476199998,26.751071428500023,77.30857142859999,50.6,52,22
2004-01-01,28.242857142866665,25.940714285750015,78.2328571429,12.28,1,15
2004-01-08,28.33333333333333,26.03000000000001,80.7971428571,9.14,2,20
2004-01-29,27.3,24.85392857150002,72.5771428571,20.2,5,21
2004-02-05,26.457142857133327,25.151428571250023,78.9428571429,1.1,6,14
2004-02-12,25.761904761900002,24.587142857250015,78.2642857143,2.0,7,14
2004-02-19,25.74761904763333,24.867500000000017,75.4228571429,3.8,8,9
2004-03-04,25.704761904766663,23.205714285750037,74.65,1.7,10,5
2004-03-11,24.98333333333333,23.773928571500026,73.7914285714,19.92,11,6
2004-03-18,24.261904761900002,23.67357142875001,79.0271428571,16.2,12,7
2004-03-25,24.214285714299997,23.409642857250038,77.7614285714,6.27,13,11
2004-04-01,24.309523809533328,23.82714285700003,72.30571428569999,13.81,14,4
2004-04-08,24.50952380953333,24.086071428750035,78.5471428571,11.1,15,3
2004-04-15,25.1619047619,24.064642857250018,76.8714285714,81.1,16,2
2004-04-22,24.595238095233327,23.73821428575005,80.3657142857,11.0,17,6
2004-04-29,25.066666666666666,24.017500000000034,76.44571428569999,2.6,18,10
2004-05-06,23.9619047619,23.272500000000022,77.06,13.8,19,7
2004-05-13,25.619047619033328,24.05142857125001,71.9542857143,11.86,20,5
2004-05-20,25.70952380953333,24.27035714275003,78.6028571429,20.56,21,3
2004-05-27,25.87142857143333,22.943928571250023,75.38571428569999,36.9,22,12
2004-06-03,25.552380952366672,23.74535714300002,81.7114285714,79.0,23,13
2004-06-10,24.73333333333333,24.531785714250034,83.8328571429,90.2,24,10
2004-06-17,25.7,24.285714285750018,83.55,5.36,25,13
2004-06-24,26.05238095236666,25.103214285750013,80.91428571430001,30.07,26,13
2004-07-01,25.647619047633327,24.817500000000024,80.1771428571,20.0,27,8
2004-07-08,26.319047619033327,25.00892857150002,81.5614285714,17.0,28,21
2004-07-15,26.357142857133336,24.29392857125002,78.2971428571,32.2,29,18
2004-07-22,26.876190476199998,24.67821428575,78.4814285714,43.83,30,8
2004-07-29,26.080952380966664,26.075000000000014,79.1814285714,15.8,31,7
2004-08-05,25.1380952381,25.70464285700002,79.9957142857,31.21,32,20
2004-08-12,28.019047619033326,26.08142857150003,77.4985714286,31.51,33,14
2004-08-19,27.880952380966665,26.18821428575001,81.8071428571,24.6,34,14
2004-08-26,28.142857142866664,26.375357142750033,79.02571428569999,14.1,35,7
2004-09-02,28.10952380953334,26.122142857250022,76.1714285714,44.4,36,14
2004-09-09,27.947619047633328,26.54321428575001,81.2642857143,13.5,37,10
2004-09-16,27.409523809533333,26.149285714250013,79.6842857143,25.37,38,13
2004-09-23,28.3142857143,26.264285714250025,76.7114285714,33.4,39,27
2004-09-30,27.87142857143333,26.422142857250023,79.8657142857,16.0,40,13
2004-10-07,27.880952380966665,26.72392857150001,80.0328571429,254.95,41,18
2004-10-14,28.376190476199998,26.66571428575004,85.33,8.57,42,16
2004-10-21,29.080952380966664,26.666785714250025,76.4714285714,35.7,43,16
2004-10-28,28.53333333333333,26.53785714275001,78.4771428571,41.4,44,20
2004-11-04,29.119047619033328,26.902142857250034,80.66571428569999,18.0,45,17
2004-11-11,28.60476190476666,27.10107142850004,76.9228571429,25.2,46,4
2004-11-18,29.295238095233326,26.22000000000001,80.6557142857,31.2,47,15
2004-11-25,28.4142857143,26.80178571450003,77.5328571429,24.5,48,8
2004-12-02,28.142857142866664,26.516071428500034,77.3114285714,145.8,49,6
2004-12-09,29.3142857143,26.69321428575003,83.6285714286,24.9,50,12
2004-12-16,28.12857142856667,26.542142857000016,74.3028571429,2.71,51,15
2004-12-23,28.076190476199997,26.13821428575002,73.7571428571,2.8,52,11
2005-01-01,28.12857142856667,25.611428571500028,74.3257142857,29.32,53,10
2005-01-08,27.7,25.830000000000034,80.8885714286,41.3,1,15
2005-01-29,26.1761904762,24.45785714275003,74.7785714286,43.1,4,7
2005-02-05,26.342857142866663,23.78464285700004,78.7985714286,76.36,5,8
2005-02-12,25.214285714299997,24.93892857150001,83.05571428569999,31.85,6,9
2005-02-19,24.8857142857,24.9060714285,78.5385714286,31.8,7,12
2005-03-05,26.34761904763333,23.339642857000033,70.7957142857,5.3,9,5
2005-03-12,25.57142857143333,23.441785714250017,72.2457142857,10.1,10,4
2005-03-19,24.795238095233326,23.576071428750023,74.19142857140001,5.92,11,11
2005-03-26,25.23333333333333,22.562142857250024,78.6671428571,3.3,12,4
2005-04-02,25.076190476199997,21.963214285750027,77.3928571429,0.3,13,5
2005-04-09,23.285714285700003,21.692142857000018,73.58571428569999,0.2,14,7
2005-04-16,23.638095238100004,21.72250000000001,73.8671428571,0.2,15,1
2005-04-23,23.138095238100004,22.11607142850004,75.7371428571,8.0,16,1
2005-04-30,23.004761904766674,23.436428571250033,78.0028571429,23.7,17,4
2005-05-07,24.4619047619,24.032857142750007,77.65,3.6,18,2
2005-05-14,25.20952380953333,23.60928571425002,77.2428571429,98.5,19,6
2005-05-21,25.704761904766663,23.916071428500032,81.7514285714,11.0,20,3
2005-05-28,26.380952380966665,24.80428571425001,78.9071428571,10.11,21,4
2005-06-04,26.399999999999995,25.08392857150001,75.69857142859999,96.0,22,10
2005-06-11,27.6619047619,25.059285714250027,83.7628571429,145.7,23,12
2005-06-18,27.6,25.715357143000034,84.33571428569999,14.59,24,21
2005-06-25,27.66666666666667,24.96392857150002,82.63,4.5,25,26
2005-07-02,28.090476190466667,25.473571428500023,76.94,15.9,26,21
2005-07-09,27.4619047619,25.587142857250033,81.5157142857,4.2,27,30
2005-07-16,27.457142857133327,25.23535714300003,79.7185714286,28.59,28,45
2005-07-23,27.43333333333333,26.051428571500026,80.0128571429,32.4,29,56
2005-07-30,26.357142857133336,26.984642857250012,79.3771428571,45.28,30,75
2005-08-06,29.095238095233334,26.901428571500034,80.5614285714,31.9,31,83
2005-08-13,29.4142857143,26.081428571250033,79.4814285714,34.3,32,82
2005-08-20,28.642857142866674,27.173928571500028,82.4085714286,54.1,33,126
2005-08-27,27.504761904766674,26.875714285750018,79.6214285714,11.93,34,119
2005-09-03,29.809523809533328,27.236428571250013,79.2528571429,21.1,35,137
2005-09-10,28.9142857143,26.566785714250017,77.74,28.1,36,131
2005-09-17,29.309523809533328,26.788214285500022,76.7342857143,30.0,37,112
2005-09-24,28.54761904763333,26.858214285750012,79.0814285714,3.7,38,82
2005-10-01,28.3619047619,27.037500000000023,75.4385714286,11.9,39,73
2005-10-08,28.342857142866663,27.20392857150003,77.2728571429,14.6,40,43
2005-10-15,29.080952380966664,27.23857142875002,76.66142857140001,38.4,41,55
2005-10-22,29.657142857133326,27.01785714300001,79.0828571429,27.3,42,55
2005-10-29,29.40952380953333,27.21964285700001,78.3514285714,60.4,43,53
2005-11-05,28.00952380953333,27.052142857250036,82.2642857143,18.7,44,46
2005-11-12,27.495238095233326,27.89892857150001,82.39,70.3,45,43
2005-11-19,29.05238095236666,27.123928571500016,82.4228571429,26.26,46,29
2005-11-26,29.180952380966673,27.110714285750035,78.97,20.43,47,22
2005-12-03,28.395238095233324,27.06178571425002,79.3271428571,93.9,48,26
2005-12-10,28.60952380953333,26.17035714275002,79.9014285714,40.81,49,13
2005-12-17,28.0380952381,26.61285714275003,77.2457142857,36.65,50,17
2005-12-24,27.3380952381,26.819642857000016,78.6242857143,11.2,51,8
2006-01-01,28.4142857143,26.71821428550001,71.4557142857,13.6,52,13
2006-01-08,28.39047619046666,26.60321428575004,75.0757142857,20.64,1,10
2006-01-15,28.219047619033326,25.791428571250023,77.3157142857,22.5,2,17
2006-01-22,27.990476190466666,25.34607142850002,76.5785714286,5.76,3,19
2006-01-29,27.1857142857,25.426785714250016,74.50857142859999,10.9,4,9
2006-02-05,26.242857142866672,23.84857142875002,72.9285714286,41.5,5,9
2006-02-12,26.542857142866662,24.791071428500015,78.72,16.8,6,9
2006-02-19,24.828571428566665,24.344642857250022,74.8971428571,9.89,7,3
2006-02-26,25.319047619033327,25.03250000000001,72.8728571429,9.7,8,7
2006-03-05,24.70952380953333,24.34535714275003,76.9071428571,10.37,9,7
2006-03-12,25.6619047619,23.88535714300004,78.4942857143,8.1,10,0
2006-03-19,24.519047619033326,24.454642857000014,73.41428571430001,0.2,11,2
2006-03-26,23.5857142857,23.925000000000026,70.6971428571,7.5,12,3
2006-04-02,25.304761904766675,23.24714285700001,74.28,19.63,13,3
2006-04-09,24.028571428566664,23.820714285750032,73.21,10.35,14,1
2006-04-16,23.738095238099998,23.941071428750018,75.5271428571,5.0,15,3
2006-04-23,23.87142857143333,23.806785714250026,74.9842857143,36.3,16,3
2006-04-30,25.1142857143,23.805000000000017,79.6028571429,12.6,17,3
2006-05-07,24.95238095236667,23.664642857250012,76.3328571429,28.63,18,7
2006-05-14,25.66666666666667,23.123214285500012,78.0242857143,26.99,19,3
2006-05-21,25.742857142866672,23.816785714250003,76.6042857143,29.05,20,5
2006-05-28,25.5380952381,24.257500000000018,78.0985714286,19.4,21,11
2006-06-04,25.595238095233327,24.36464285725002,75.9271428571,90.4,22,5
2006-06-11,27.219047619033326,24.461428571500026,84.31,6.07,23,5
2006-06-18,25.70952380953333,24.586071428500038,78.4,6.19,24,6
2006-06-25,26.219047619033326,24.83428571450004,75.8114285714,7.3,25,6
2006-07-02,26.695238095233336,24.925000000000008,75.6,12.4,26,4
2006-07-09,26.57142857143333,23.93392857150002,75.92,39.52,27,4
2006-07-16,26.6,25.491785714250003,79.69571428569999,38.37,28,8
2006-07-23,25.84761904763333,26.516785714250002,82.16,35.3,29,14
2006-07-30,28.1380952381,26.320714285750032,78.6042857143,64.68,30,12
2006-08-06,29.10952380953333,26.505357143000026,81.4771428571,40.4,31,16
2006-08-13,28.9619047619,26.920714285500026,80.5385714286,19.1,32,10
2006-08-20,29.238095238099998,26.405357143000018,78.7728571429,72.24,33,16
2006-08-27,28.880952380966665,26.766428571250014,81.6457142857,171.58,34,18
2006-09-03,28.423809523800003,26.425714285750036,80.6542857143,13.5,35,15
2006-09-10,27.990476190466666,26.46071428575001,78.6271428571,39.5,36,23
2006-09-17,27.647619047633327,26.20785714275003,79.8142857143,22.2,37,17
2006-09-24,27.8142857143,26.58928571425004,79.1542857143,15.5,38,33
2006-10-01,27.328571428566665,26.464642857250013,78.1242857143,27.2,39,15
2006-10-08,28.8,26.29464285725002,77.93,9.6,40,13
2006-10-15,27.60952380953333,26.862500000000026,75.8614285714,18.86,41,11
2006-10-22,27.480952380966674,26.830714285500026,76.9528571429,14.1,42,14
2006-10-29,28.4142857143,26.974642857250032,74.7328571429,20.4,43,17
2006-11-05,28.028571428566664,26.813214285500028,76.0071428571,37.0,44,19
2006-11-12,27.70952380953333,27.090000000000014,79.41428571430001,27.2,45,20
2006-11-19,28.380952380966665,27.085000000000022,79.93,54.12,46,12
2006-11-26,28.576190476199997,27.210714285750033,81.08571428569999,8.2,47,21
2006-12-03,28.6761904762,27.180357142750026,75.5685714286,13.2,48,7
2006-12-10,28.91904761903333,26.990357142750028,72.6842857143,26.82,49,19
2006-12-17,29.05238095236666,26.625000000000032,75.6,14.56,50,10
2006-12-24,28.633333333333336,26.715000000000014,76.8285714286,42.55,51,13
2007-01-01,28.519047619033326,27.10035714300001,74.4314285714,18.4,1,10
2007-01-08,28.07142857143333,26.611071428500022,78.6385714286,14.5,2,8
2007-01-15,28.566666666666666,26.043928571500015,75.24,12.4,3,21
2007-01-22,28.028571428566664,25.071071428750013,76.5285714286,16.3,4,11
2007-01-29,27.395238095233324,26.064642857250014,74.8114285714,60.49,5,9
2007-02-05,27.54761904763333,24.942500000000038,77.6471428571,9.33,6,14
2007-02-12,27.27142857143333,25.53035714275002,73.80428571430001,0.0,7,14
2007-02-19,25.84761904763333,24.938571428500012,72.76,0.6,8,15
2007-02-26,26.442857142866675,24.52500000000002,74.8,1.2,9,18
2007-03-05,26.042857142866662,24.181785714250026,75.7542857143,6.73,10,16
2007-03-12,25.119047619033328,24.033214285750017,73.9328571429,23.12,11,12
2007-03-19,25.195238095233325,23.729642857000044,78.1257142857,3.7,12,20
2007-03-26,24.623809523800002,23.710714285750033,75.0142857143,1.5,13,8
2007-04-02,24.8,24.196785714500013,74.02571428569999,5.1,14,3
2007-04-09,25.42857142856667,24.21785714275002,75.4385714286,25.2,15,13
2007-04-16,25.566666666666666,24.175000000000008,76.7842857143,36.3,16,4
2007-04-23,26.485714285700002,24.280000000000033,76.2142857143,1.2,17,1
2007-04-30,26.404761904766673,24.810714285750024,73.30142857140001,2.22,18,10
2007-05-07,26.142857142866674,24.50892857150002,74.8328571429,63.1,19,8
2007-05-14,26.985714285700002,24.55571428575003,81.1128571429,63.81,20,13
2007-05-21,26.704761904766663,24.632857143000027,82.08428571430001,40.3,21,10
2007-05-28,27.285714285700003,23.711785714250013,79.19428571430001,8.4,22,21
2007-06-04,27.742857142866665,24.10928571425002,76.76,2.2,23,18
2007-06-11,25.766666666666666,25.135714285750023,73.9814285714,24.9,24,21
2007-06-18,26.595238095233334,25.403571428500012,76.0228571429,17.74,25,34
2007-06-25,27.942857142866675,24.811071428750022,74.9628571429,25.3,26,25
2007-07-02,27.657142857133326,25.45178571425004,76.1628571429,4.2,27,34
2007-07-09,26.1380952381,26.53392857150003,74.16,9.7,28,33
2007-07-16,27.442857142866675,26.27678571425001,76.3285714286,20.5,29,40
2007-07-23,28.899999999999995,26.327857142750034,74.9214285714,11.56,30,42
2007-07-30,28.652380952366663,26.667142857000016,75.24142857140001,22.32,31,36
2007-08-06,28.385714285699997,26.30642857150001,75.1428571429,40.34,32,72
2007-08-13,28.8,26.78285714300001,80.80857142859999,8.3,33,75
2007-08-20,28.947619047633328,27.009285714250026,74.2642857143,21.41,34,76
2007-08-27,29.10476190476666,26.717857143000018,77.7657142857,25.69,35,92
2007-09-03,29.39047619046667,26.562142857000023,78.64,56.82,36,71
2007-09-10,28.84761904763333,26.62000000000002,78.4614285714,30.89,37,112
2007-09-17,28.857142857133326,26.517142857250015,77.5642857143,19.74,38,106
2007-09-24,28.757142857133328,26.686071428500032,75.3457142857,22.24,39,101
2007-10-01,28.957142857133327,26.87142857150002,75.19571428569999,26.14,40,170
2007-10-08,28.60952380953333,26.82750000000001,75.97,16.15,41,135
2007-10-15,28.238095238099998,26.728214285500002,76.4057142857,17.6,42,106
2007-10-22,27.795238095233326,26.865357143000026,77.19,21.98,43,68
2007-10-29,28.75238095236667,26.816071428750018,79.1785714286,8.3,44,48
2007-11-05,28.728571428566667,26.776428571500034,73.8671428571,15.66,45,48
2007-11-12,28.504761904766674,26.794642857000014,73.66142857140001,174.64,46,26
2007-11-19,29.257142857133328,26.865714285750016,81.5942857143,10.3,47,33
2007-11-26,28.5,26.916428571500035,75.35,21.4,48,29
2007-12-03,28.257142857133328,26.80642857150002,77.4814285714,43.4,49,17
2007-12-10,27.6619047619,27.06178571425002,78.52571428569999,9.78,50,12
2007-12-17,28.44285714286666,26.52035714275003,70.7271428571,68.0,51,13
2007-12-24,29.133333333333336,25.66964285725002,75.36857142859999,66.72,52,17
2008-01-01,28.1857142857,26.160714285750032,78.0157142857,50.53,1,15
2008-01-08,26.33333333333333,25.893214285750037,80.1785714286,2.36,2,14
2008-01-15,27.480952380966663,25.668571428500012,75.44857142859999,27.99,3,15
2008-01-22,26.904761904766673,24.46035714275001,76.1485714286,37.66,4,10
2008-01-29,26.93333333333333,24.652142857250034,76.13142857140001,4.1,5,9
2008-02-05,25.514285714299998,24.74357142850002,75.6428571429,27.16,6,2
2008-02-12,26.014285714299998,24.41142857150001,77.1671428571,2.7,7,6
2008-02-19,25.623809523800002,24.05785714300002,73.5657142857,19.7,8,8
2008-02-26,25.2238095238,23.863214285750036,70.6428571429,10.17,9,5
2008-03-04,24.828571428566665,23.859642857250023,74.22857142859999,8.3,10,1
2008-03-11,25.66666666666667,23.361785714250036,74.7857142857,6.46,11,2
2008-03-18,24.790476190466666,23.726071428750014,72.66,6.5,12,3
2008-03-25,24.276190476200004,23.34464285700002,74.6814285714,9.38,13,4
2008-04-01,24.476190476200003,22.718571428500013,71.9342857143,0.9,14,3
2008-04-08,24.490476190466666,23.49500000000002,72.91571428569999,7.55,15,1
2008-04-15,24.171428571433328,23.610357142750033,74.2471428571,3.67,16,3
2008-04-22,24.73333333333333,23.467142857250014,74.6,35.0,17,5
